Validation_Set,Topics,Alpha,Beta,Coherence
75% Corpus,2,0.01,0.01,0.35067745133164985
75% Corpus,2,0.01,0.31,0.33866226382850495
75% Corpus,2,0.01,0.61,0.35733546452563286
75% Corpus,2,0.01,0.9099999999999999,0.3716799267169558
75% Corpus,2,0.01,symmetric,0.3443370713721202
75% Corpus,2,0.31,0.01,0.34882268539549166
75% Corpus,2,0.31,0.31,0.3483710982352242
75% Corpus,2,0.31,0.61,0.351047125561714
75% Corpus,2,0.31,0.9099999999999999,0.35585935247786027
75% Corpus,2,0.31,symmetric,0.3458201114443099
75% Corpus,2,0.61,0.01,0.36505247075317093
75% Corpus,2,0.61,0.31,0.34440579298804963
75% Corpus,2,0.61,0.61,0.3564659009156757
75% Corpus,2,0.61,0.9099999999999999,0.37502750216042685
75% Corpus,2,0.61,symmetric,0.3606111227761949
75% Corpus,2,0.9099999999999999,0.01,0.35978799289524244
75% Corpus,2,0.9099999999999999,0.31,0.3558421534040231
75% Corpus,2,0.9099999999999999,0.61,0.37002304086581983
75% Corpus,2,0.9099999999999999,0.9099999999999999,0.38913858865009476
75% Corpus,2,0.9099999999999999,symmetric,0.3568895468442786
75% Corpus,2,symmetric,0.01,0.3483264576173443
75% Corpus,2,symmetric,0.31,0.3398302306885287
75% Corpus,2,symmetric,0.61,0.35515123075289523
75% Corpus,2,symmetric,0.9099999999999999,0.36038627256584455
75% Corpus,2,symmetric,symmetric,0.3490110145201273
75% Corpus,2,asymmetric,0.01,0.3411198220669318
75% Corpus,2,asymmetric,0.31,0.34227387489973066
75% Corpus,2,asymmetric,0.61,0.3598065646279275
75% Corpus,2,asymmetric,0.9099999999999999,0.36716931142232945
75% Corpus,2,asymmetric,symmetric,0.33864746272843016
75% Corpus,3,0.01,0.01,0.35067745133164985
75% Corpus,3,0.01,0.31,0.33866226382850495
75% Corpus,3,0.01,0.61,0.35733546452563286
75% Corpus,3,0.01,0.9099999999999999,0.3716799267169558
75% Corpus,3,0.01,symmetric,0.3443370713721202
75% Corpus,3,0.31,0.01,0.34882268539549166
75% Corpus,3,0.31,0.31,0.3483710982352242
75% Corpus,3,0.31,0.61,0.351047125561714
75% Corpus,3,0.31,0.9099999999999999,0.35585935247786027
75% Corpus,3,0.31,symmetric,0.3458201114443099
75% Corpus,3,0.61,0.01,0.36505247075317093
75% Corpus,3,0.61,0.31,0.34440579298804963
75% Corpus,3,0.61,0.61,0.3564659009156757
75% Corpus,3,0.61,0.9099999999999999,0.37502750216042685
75% Corpus,3,0.61,symmetric,0.3606111227761949
75% Corpus,3,0.9099999999999999,0.01,0.35978799289524244
75% Corpus,3,0.9099999999999999,0.31,0.3558421534040231
75% Corpus,3,0.9099999999999999,0.61,0.37002304086581983
75% Corpus,3,0.9099999999999999,0.9099999999999999,0.38913858865009476
75% Corpus,3,0.9099999999999999,symmetric,0.3568895468442786
75% Corpus,3,symmetric,0.01,0.3483264576173443
75% Corpus,3,symmetric,0.31,0.3398302306885287
75% Corpus,3,symmetric,0.61,0.35515123075289523
75% Corpus,3,symmetric,0.9099999999999999,0.36038627256584455
75% Corpus,3,symmetric,symmetric,0.3490110145201273
75% Corpus,3,asymmetric,0.01,0.3411198220669318
75% Corpus,3,asymmetric,0.31,0.34227387489973066
75% Corpus,3,asymmetric,0.61,0.3598065646279275
75% Corpus,3,asymmetric,0.9099999999999999,0.36716931142232945
75% Corpus,3,asymmetric,symmetric,0.33864746272843016
75% Corpus,4,0.01,0.01,0.35067745133164985
75% Corpus,4,0.01,0.31,0.33866226382850495
75% Corpus,4,0.01,0.61,0.35733546452563286
75% Corpus,4,0.01,0.9099999999999999,0.3716799267169558
75% Corpus,4,0.01,symmetric,0.3443370713721202
75% Corpus,4,0.31,0.01,0.34882268539549166
75% Corpus,4,0.31,0.31,0.3483710982352242
75% Corpus,4,0.31,0.61,0.351047125561714
75% Corpus,4,0.31,0.9099999999999999,0.35585935247786027
75% Corpus,4,0.31,symmetric,0.3458201114443099
75% Corpus,4,0.61,0.01,0.36505247075317093
75% Corpus,4,0.61,0.31,0.34440579298804963
75% Corpus,4,0.61,0.61,0.3564659009156757
75% Corpus,4,0.61,0.9099999999999999,0.37502750216042685
75% Corpus,4,0.61,symmetric,0.3606111227761949
75% Corpus,4,0.9099999999999999,0.01,0.35978799289524244
75% Corpus,4,0.9099999999999999,0.31,0.3558421534040231
75% Corpus,4,0.9099999999999999,0.61,0.37002304086581983
75% Corpus,4,0.9099999999999999,0.9099999999999999,0.38913858865009476
75% Corpus,4,0.9099999999999999,symmetric,0.3568895468442786
75% Corpus,4,symmetric,0.01,0.3483264576173443
75% Corpus,4,symmetric,0.31,0.3398302306885287
75% Corpus,4,symmetric,0.61,0.35515123075289523
75% Corpus,4,symmetric,0.9099999999999999,0.36038627256584455
75% Corpus,4,symmetric,symmetric,0.3490110145201273
75% Corpus,4,asymmetric,0.01,0.3411198220669318
75% Corpus,4,asymmetric,0.31,0.34227387489973066
75% Corpus,4,asymmetric,0.61,0.3598065646279275
75% Corpus,4,asymmetric,0.9099999999999999,0.36716931142232945
75% Corpus,4,asymmetric,symmetric,0.33864746272843016
75% Corpus,5,0.01,0.01,0.35067745133164985
75% Corpus,5,0.01,0.31,0.33866226382850495
75% Corpus,5,0.01,0.61,0.35733546452563286
75% Corpus,5,0.01,0.9099999999999999,0.3716799267169558
75% Corpus,5,0.01,symmetric,0.3443370713721202
75% Corpus,5,0.31,0.01,0.34882268539549166
75% Corpus,5,0.31,0.31,0.3483710982352242
75% Corpus,5,0.31,0.61,0.351047125561714
75% Corpus,5,0.31,0.9099999999999999,0.35585935247786027
75% Corpus,5,0.31,symmetric,0.3458201114443099
75% Corpus,5,0.61,0.01,0.36505247075317093
75% Corpus,5,0.61,0.31,0.34440579298804963
75% Corpus,5,0.61,0.61,0.3564659009156757
75% Corpus,5,0.61,0.9099999999999999,0.37502750216042685
75% Corpus,5,0.61,symmetric,0.3606111227761949
75% Corpus,5,0.9099999999999999,0.01,0.35978799289524244
75% Corpus,5,0.9099999999999999,0.31,0.3558421534040231
75% Corpus,5,0.9099999999999999,0.61,0.37002304086581983
75% Corpus,5,0.9099999999999999,0.9099999999999999,0.38913858865009476
75% Corpus,5,0.9099999999999999,symmetric,0.3568895468442786
75% Corpus,5,symmetric,0.01,0.3483264576173443
75% Corpus,5,symmetric,0.31,0.3398302306885287
75% Corpus,5,symmetric,0.61,0.35515123075289523
75% Corpus,5,symmetric,0.9099999999999999,0.36038627256584455
75% Corpus,5,symmetric,symmetric,0.3490110145201273
75% Corpus,5,asymmetric,0.01,0.3411198220669318
75% Corpus,5,asymmetric,0.31,0.34227387489973066
75% Corpus,5,asymmetric,0.61,0.3598065646279275
75% Corpus,5,asymmetric,0.9099999999999999,0.36716931142232945
75% Corpus,5,asymmetric,symmetric,0.33864746272843016
75% Corpus,6,0.01,0.01,0.35067745133164985
75% Corpus,6,0.01,0.31,0.33866226382850495
75% Corpus,6,0.01,0.61,0.35733546452563286
75% Corpus,6,0.01,0.9099999999999999,0.3716799267169558
75% Corpus,6,0.01,symmetric,0.3443370713721202
75% Corpus,6,0.31,0.01,0.34882268539549166
75% Corpus,6,0.31,0.31,0.3483710982352242
75% Corpus,6,0.31,0.61,0.351047125561714
75% Corpus,6,0.31,0.9099999999999999,0.35585935247786027
75% Corpus,6,0.31,symmetric,0.3458201114443099
75% Corpus,6,0.61,0.01,0.36505247075317093
75% Corpus,6,0.61,0.31,0.34440579298804963
75% Corpus,6,0.61,0.61,0.3564659009156757
75% Corpus,6,0.61,0.9099999999999999,0.37502750216042685
75% Corpus,6,0.61,symmetric,0.3606111227761949
75% Corpus,6,0.9099999999999999,0.01,0.35978799289524244
75% Corpus,6,0.9099999999999999,0.31,0.3558421534040231
75% Corpus,6,0.9099999999999999,0.61,0.37002304086581983
75% Corpus,6,0.9099999999999999,0.9099999999999999,0.38913858865009476
75% Corpus,6,0.9099999999999999,symmetric,0.3568895468442786
75% Corpus,6,symmetric,0.01,0.3483264576173443
75% Corpus,6,symmetric,0.31,0.3398302306885287
75% Corpus,6,symmetric,0.61,0.35515123075289523
75% Corpus,6,symmetric,0.9099999999999999,0.36038627256584455
75% Corpus,6,symmetric,symmetric,0.3490110145201273
75% Corpus,6,asymmetric,0.01,0.3411198220669318
75% Corpus,6,asymmetric,0.31,0.34227387489973066
75% Corpus,6,asymmetric,0.61,0.3598065646279275
75% Corpus,6,asymmetric,0.9099999999999999,0.36716931142232945
75% Corpus,6,asymmetric,symmetric,0.33864746272843016
75% Corpus,7,0.01,0.01,0.35067745133164985
75% Corpus,7,0.01,0.31,0.33866226382850495
75% Corpus,7,0.01,0.61,0.35733546452563286
75% Corpus,7,0.01,0.9099999999999999,0.3716799267169558
75% Corpus,7,0.01,symmetric,0.3443370713721202
75% Corpus,7,0.31,0.01,0.34882268539549166
75% Corpus,7,0.31,0.31,0.3483710982352242
75% Corpus,7,0.31,0.61,0.351047125561714
75% Corpus,7,0.31,0.9099999999999999,0.35585935247786027
75% Corpus,7,0.31,symmetric,0.3458201114443099
75% Corpus,7,0.61,0.01,0.36505247075317093
75% Corpus,7,0.61,0.31,0.34440579298804963
75% Corpus,7,0.61,0.61,0.3564659009156757
75% Corpus,7,0.61,0.9099999999999999,0.37502750216042685
75% Corpus,7,0.61,symmetric,0.3606111227761949
75% Corpus,7,0.9099999999999999,0.01,0.35978799289524244
75% Corpus,7,0.9099999999999999,0.31,0.3558421534040231
75% Corpus,7,0.9099999999999999,0.61,0.37002304086581983
75% Corpus,7,0.9099999999999999,0.9099999999999999,0.38913858865009476
75% Corpus,7,0.9099999999999999,symmetric,0.3568895468442786
75% Corpus,7,symmetric,0.01,0.3483264576173443
75% Corpus,7,symmetric,0.31,0.3398302306885287
75% Corpus,7,symmetric,0.61,0.35515123075289523
75% Corpus,7,symmetric,0.9099999999999999,0.36038627256584455
75% Corpus,7,symmetric,symmetric,0.3490110145201273
75% Corpus,7,asymmetric,0.01,0.3411198220669318
75% Corpus,7,asymmetric,0.31,0.34227387489973066
75% Corpus,7,asymmetric,0.61,0.3598065646279275
75% Corpus,7,asymmetric,0.9099999999999999,0.36716931142232945
75% Corpus,7,asymmetric,symmetric,0.33864746272843016
75% Corpus,8,0.01,0.01,0.35067745133164985
75% Corpus,8,0.01,0.31,0.33866226382850495
75% Corpus,8,0.01,0.61,0.35733546452563286
75% Corpus,8,0.01,0.9099999999999999,0.3716799267169558
75% Corpus,8,0.01,symmetric,0.3443370713721202
75% Corpus,8,0.31,0.01,0.34882268539549166
75% Corpus,8,0.31,0.31,0.3483710982352242
75% Corpus,8,0.31,0.61,0.351047125561714
75% Corpus,8,0.31,0.9099999999999999,0.35585935247786027
75% Corpus,8,0.31,symmetric,0.3458201114443099
75% Corpus,8,0.61,0.01,0.36505247075317093
75% Corpus,8,0.61,0.31,0.34440579298804963
75% Corpus,8,0.61,0.61,0.3564659009156757
75% Corpus,8,0.61,0.9099999999999999,0.37502750216042685
75% Corpus,8,0.61,symmetric,0.3606111227761949
75% Corpus,8,0.9099999999999999,0.01,0.35978799289524244
75% Corpus,8,0.9099999999999999,0.31,0.3558421534040231
75% Corpus,8,0.9099999999999999,0.61,0.37002304086581983
75% Corpus,8,0.9099999999999999,0.9099999999999999,0.38913858865009476
75% Corpus,8,0.9099999999999999,symmetric,0.3568895468442786
75% Corpus,8,symmetric,0.01,0.3483264576173443
75% Corpus,8,symmetric,0.31,0.3398302306885287
75% Corpus,8,symmetric,0.61,0.35515123075289523
75% Corpus,8,symmetric,0.9099999999999999,0.36038627256584455
75% Corpus,8,symmetric,symmetric,0.3490110145201273
75% Corpus,8,asymmetric,0.01,0.3411198220669318
75% Corpus,8,asymmetric,0.31,0.34227387489973066
75% Corpus,8,asymmetric,0.61,0.3598065646279275
75% Corpus,8,asymmetric,0.9099999999999999,0.36716931142232945
75% Corpus,8,asymmetric,symmetric,0.33864746272843016
75% Corpus,9,0.01,0.01,0.35067745133164985
75% Corpus,9,0.01,0.31,0.33866226382850495
75% Corpus,9,0.01,0.61,0.35733546452563286
75% Corpus,9,0.01,0.9099999999999999,0.3716799267169558
75% Corpus,9,0.01,symmetric,0.3443370713721202
75% Corpus,9,0.31,0.01,0.34882268539549166
75% Corpus,9,0.31,0.31,0.3483710982352242
75% Corpus,9,0.31,0.61,0.351047125561714
75% Corpus,9,0.31,0.9099999999999999,0.35585935247786027
75% Corpus,9,0.31,symmetric,0.3458201114443099
75% Corpus,9,0.61,0.01,0.36505247075317093
75% Corpus,9,0.61,0.31,0.34440579298804963
75% Corpus,9,0.61,0.61,0.3564659009156757
75% Corpus,9,0.61,0.9099999999999999,0.37502750216042685
75% Corpus,9,0.61,symmetric,0.3606111227761949
75% Corpus,9,0.9099999999999999,0.01,0.35978799289524244
75% Corpus,9,0.9099999999999999,0.31,0.3558421534040231
75% Corpus,9,0.9099999999999999,0.61,0.37002304086581983
75% Corpus,9,0.9099999999999999,0.9099999999999999,0.38913858865009476
75% Corpus,9,0.9099999999999999,symmetric,0.3568895468442786
75% Corpus,9,symmetric,0.01,0.3483264576173443
75% Corpus,9,symmetric,0.31,0.3398302306885287
75% Corpus,9,symmetric,0.61,0.35515123075289523
75% Corpus,9,symmetric,0.9099999999999999,0.36038627256584455
75% Corpus,9,symmetric,symmetric,0.3490110145201273
75% Corpus,9,asymmetric,0.01,0.3411198220669318
75% Corpus,9,asymmetric,0.31,0.34227387489973066
75% Corpus,9,asymmetric,0.61,0.3598065646279275
75% Corpus,9,asymmetric,0.9099999999999999,0.36716931142232945
75% Corpus,9,asymmetric,symmetric,0.33864746272843016
75% Corpus,10,0.01,0.01,0.35067745133164985
75% Corpus,10,0.01,0.31,0.33866226382850495
75% Corpus,10,0.01,0.61,0.35733546452563286
75% Corpus,10,0.01,0.9099999999999999,0.3716799267169558
75% Corpus,10,0.01,symmetric,0.3443370713721202
75% Corpus,10,0.31,0.01,0.34882268539549166
75% Corpus,10,0.31,0.31,0.3483710982352242
75% Corpus,10,0.31,0.61,0.351047125561714
75% Corpus,10,0.31,0.9099999999999999,0.35585935247786027
75% Corpus,10,0.31,symmetric,0.3458201114443099
75% Corpus,10,0.61,0.01,0.36505247075317093
75% Corpus,10,0.61,0.31,0.34440579298804963
75% Corpus,10,0.61,0.61,0.3564659009156757
75% Corpus,10,0.61,0.9099999999999999,0.37502750216042685
75% Corpus,10,0.61,symmetric,0.3606111227761949
75% Corpus,10,0.9099999999999999,0.01,0.35978799289524244
75% Corpus,10,0.9099999999999999,0.31,0.3558421534040231
75% Corpus,10,0.9099999999999999,0.61,0.37002304086581983
75% Corpus,10,0.9099999999999999,0.9099999999999999,0.38913858865009476
75% Corpus,10,0.9099999999999999,symmetric,0.3568895468442786
75% Corpus,10,symmetric,0.01,0.3483264576173443
75% Corpus,10,symmetric,0.31,0.3398302306885287
75% Corpus,10,symmetric,0.61,0.35515123075289523
75% Corpus,10,symmetric,0.9099999999999999,0.36038627256584455
75% Corpus,10,symmetric,symmetric,0.3490110145201273
75% Corpus,10,asymmetric,0.01,0.3411198220669318
75% Corpus,10,asymmetric,0.31,0.34227387489973066
75% Corpus,10,asymmetric,0.61,0.3598065646279275
75% Corpus,10,asymmetric,0.9099999999999999,0.36716931142232945
75% Corpus,10,asymmetric,symmetric,0.33864746272843016
100% Corpus,2,0.01,0.01,0.34137812285138247
100% Corpus,2,0.01,0.31,0.3505038606588438
100% Corpus,2,0.01,0.61,0.3716559379032936
100% Corpus,2,0.01,0.9099999999999999,0.38963078870681944
100% Corpus,2,0.01,symmetric,0.3505893190978091
100% Corpus,2,0.31,0.01,0.3485606830827445
100% Corpus,2,0.31,0.31,0.36158573137748673
100% Corpus,2,0.31,0.61,0.36563373354337214
100% Corpus,2,0.31,0.9099999999999999,0.39784185903339286
100% Corpus,2,0.31,symmetric,0.35119060724467277
100% Corpus,2,0.61,0.01,0.3541492011423625
100% Corpus,2,0.61,0.31,0.3614303356120104
100% Corpus,2,0.61,0.61,0.37781715624291834
100% Corpus,2,0.61,0.9099999999999999,0.3859362842507668
100% Corpus,2,0.61,symmetric,0.35844197470350936
100% Corpus,2,0.9099999999999999,0.01,0.36461156712122805
100% Corpus,2,0.9099999999999999,0.31,0.35165529623056424
100% Corpus,2,0.9099999999999999,0.61,0.36824920550696855
100% Corpus,2,0.9099999999999999,0.9099999999999999,0.3770833158878586
100% Corpus,2,0.9099999999999999,symmetric,0.3573755799300843
100% Corpus,2,symmetric,0.01,0.3398213021139096
100% Corpus,2,symmetric,0.31,0.3528547089473534
100% Corpus,2,symmetric,0.61,0.37196250716032847
100% Corpus,2,symmetric,0.9099999999999999,0.3902729258371445
100% Corpus,2,symmetric,symmetric,0.3474544562319254
100% Corpus,2,asymmetric,0.01,0.34173194339678464
100% Corpus,2,asymmetric,0.31,0.3626118082957551
100% Corpus,2,asymmetric,0.61,0.3711393503474799
100% Corpus,2,asymmetric,0.9099999999999999,0.39025063874823074
100% Corpus,2,asymmetric,symmetric,0.34392717598037487
100% Corpus,3,0.01,0.01,0.34137812285138247
100% Corpus,3,0.01,0.31,0.3505038606588438
100% Corpus,3,0.01,0.61,0.3716559379032936
100% Corpus,3,0.01,0.9099999999999999,0.38963078870681944
100% Corpus,3,0.01,symmetric,0.3505893190978091
100% Corpus,3,0.31,0.01,0.3485606830827445
100% Corpus,3,0.31,0.31,0.36158573137748673
100% Corpus,3,0.31,0.61,0.36563373354337214
100% Corpus,3,0.31,0.9099999999999999,0.39784185903339286
100% Corpus,3,0.31,symmetric,0.35119060724467277
100% Corpus,3,0.61,0.01,0.3541492011423625
100% Corpus,3,0.61,0.31,0.3614303356120104
100% Corpus,3,0.61,0.61,0.37781715624291834
100% Corpus,3,0.61,0.9099999999999999,0.3859362842507668
100% Corpus,3,0.61,symmetric,0.35844197470350936
100% Corpus,3,0.9099999999999999,0.01,0.36461156712122805
100% Corpus,3,0.9099999999999999,0.31,0.35165529623056424
100% Corpus,3,0.9099999999999999,0.61,0.36824920550696855
100% Corpus,3,0.9099999999999999,0.9099999999999999,0.3770833158878586
100% Corpus,3,0.9099999999999999,symmetric,0.3573755799300843
100% Corpus,3,symmetric,0.01,0.3398213021139096
100% Corpus,3,symmetric,0.31,0.3528547089473534
100% Corpus,3,symmetric,0.61,0.37196250716032847
100% Corpus,3,symmetric,0.9099999999999999,0.3902729258371445
100% Corpus,3,symmetric,symmetric,0.3474544562319254
100% Corpus,3,asymmetric,0.01,0.34173194339678464
100% Corpus,3,asymmetric,0.31,0.3626118082957551
100% Corpus,3,asymmetric,0.61,0.3711393503474799
100% Corpus,3,asymmetric,0.9099999999999999,0.39025063874823074
100% Corpus,3,asymmetric,symmetric,0.34392717598037487
100% Corpus,4,0.01,0.01,0.34137812285138247
100% Corpus,4,0.01,0.31,0.3505038606588438
100% Corpus,4,0.01,0.61,0.3716559379032936
100% Corpus,4,0.01,0.9099999999999999,0.38963078870681944
100% Corpus,4,0.01,symmetric,0.3505893190978091
100% Corpus,4,0.31,0.01,0.3485606830827445
100% Corpus,4,0.31,0.31,0.36158573137748673
100% Corpus,4,0.31,0.61,0.36563373354337214
100% Corpus,4,0.31,0.9099999999999999,0.39784185903339286
100% Corpus,4,0.31,symmetric,0.35119060724467277
100% Corpus,4,0.61,0.01,0.3541492011423625
100% Corpus,4,0.61,0.31,0.3614303356120104
100% Corpus,4,0.61,0.61,0.37781715624291834
100% Corpus,4,0.61,0.9099999999999999,0.3859362842507668
100% Corpus,4,0.61,symmetric,0.35844197470350936
100% Corpus,4,0.9099999999999999,0.01,0.36461156712122805
100% Corpus,4,0.9099999999999999,0.31,0.35165529623056424
100% Corpus,4,0.9099999999999999,0.61,0.36824920550696855
100% Corpus,4,0.9099999999999999,0.9099999999999999,0.3770833158878586
100% Corpus,4,0.9099999999999999,symmetric,0.3573755799300843
100% Corpus,4,symmetric,0.01,0.3398213021139096
100% Corpus,4,symmetric,0.31,0.3528547089473534
100% Corpus,4,symmetric,0.61,0.37196250716032847
100% Corpus,4,symmetric,0.9099999999999999,0.3902729258371445
100% Corpus,4,symmetric,symmetric,0.3474544562319254
100% Corpus,4,asymmetric,0.01,0.34173194339678464
100% Corpus,4,asymmetric,0.31,0.3626118082957551
100% Corpus,4,asymmetric,0.61,0.3711393503474799
100% Corpus,4,asymmetric,0.9099999999999999,0.39025063874823074
100% Corpus,4,asymmetric,symmetric,0.34392717598037487
100% Corpus,5,0.01,0.01,0.34137812285138247
100% Corpus,5,0.01,0.31,0.3505038606588438
100% Corpus,5,0.01,0.61,0.3716559379032936
100% Corpus,5,0.01,0.9099999999999999,0.38963078870681944
100% Corpus,5,0.01,symmetric,0.3505893190978091
100% Corpus,5,0.31,0.01,0.3485606830827445
100% Corpus,5,0.31,0.31,0.36158573137748673
100% Corpus,5,0.31,0.61,0.36563373354337214
100% Corpus,5,0.31,0.9099999999999999,0.39784185903339286
100% Corpus,5,0.31,symmetric,0.35119060724467277
100% Corpus,5,0.61,0.01,0.3541492011423625
100% Corpus,5,0.61,0.31,0.3614303356120104
100% Corpus,5,0.61,0.61,0.37781715624291834
100% Corpus,5,0.61,0.9099999999999999,0.3859362842507668
100% Corpus,5,0.61,symmetric,0.35844197470350936
100% Corpus,5,0.9099999999999999,0.01,0.36461156712122805
100% Corpus,5,0.9099999999999999,0.31,0.35165529623056424
100% Corpus,5,0.9099999999999999,0.61,0.36824920550696855
100% Corpus,5,0.9099999999999999,0.9099999999999999,0.3770833158878586
100% Corpus,5,0.9099999999999999,symmetric,0.3573755799300843
100% Corpus,5,symmetric,0.01,0.3398213021139096
100% Corpus,5,symmetric,0.31,0.3528547089473534
100% Corpus,5,symmetric,0.61,0.37196250716032847
100% Corpus,5,symmetric,0.9099999999999999,0.3902729258371445
100% Corpus,5,symmetric,symmetric,0.3474544562319254
100% Corpus,5,asymmetric,0.01,0.34173194339678464
100% Corpus,5,asymmetric,0.31,0.3626118082957551
100% Corpus,5,asymmetric,0.61,0.3711393503474799
100% Corpus,5,asymmetric,0.9099999999999999,0.39025063874823074
100% Corpus,5,asymmetric,symmetric,0.34392717598037487
100% Corpus,6,0.01,0.01,0.34137812285138247
100% Corpus,6,0.01,0.31,0.3505038606588438
100% Corpus,6,0.01,0.61,0.3716559379032936
100% Corpus,6,0.01,0.9099999999999999,0.38963078870681944
100% Corpus,6,0.01,symmetric,0.3505893190978091
100% Corpus,6,0.31,0.01,0.3485606830827445
100% Corpus,6,0.31,0.31,0.36158573137748673
100% Corpus,6,0.31,0.61,0.36563373354337214
100% Corpus,6,0.31,0.9099999999999999,0.39784185903339286
100% Corpus,6,0.31,symmetric,0.35119060724467277
100% Corpus,6,0.61,0.01,0.3541492011423625
100% Corpus,6,0.61,0.31,0.3614303356120104
100% Corpus,6,0.61,0.61,0.37781715624291834
100% Corpus,6,0.61,0.9099999999999999,0.3859362842507668
100% Corpus,6,0.61,symmetric,0.35844197470350936
100% Corpus,6,0.9099999999999999,0.01,0.36461156712122805
100% Corpus,6,0.9099999999999999,0.31,0.35165529623056424
100% Corpus,6,0.9099999999999999,0.61,0.36824920550696855
100% Corpus,6,0.9099999999999999,0.9099999999999999,0.3770833158878586
100% Corpus,6,0.9099999999999999,symmetric,0.3573755799300843
100% Corpus,6,symmetric,0.01,0.3398213021139096
100% Corpus,6,symmetric,0.31,0.3528547089473534
100% Corpus,6,symmetric,0.61,0.37196250716032847
100% Corpus,6,symmetric,0.9099999999999999,0.3902729258371445
100% Corpus,6,symmetric,symmetric,0.3474544562319254
100% Corpus,6,asymmetric,0.01,0.34173194339678464
100% Corpus,6,asymmetric,0.31,0.3626118082957551
100% Corpus,6,asymmetric,0.61,0.3711393503474799
100% Corpus,6,asymmetric,0.9099999999999999,0.39025063874823074
100% Corpus,6,asymmetric,symmetric,0.34392717598037487
100% Corpus,7,0.01,0.01,0.34137812285138247
100% Corpus,7,0.01,0.31,0.3505038606588438
100% Corpus,7,0.01,0.61,0.3716559379032936
100% Corpus,7,0.01,0.9099999999999999,0.38963078870681944
100% Corpus,7,0.01,symmetric,0.3505893190978091
100% Corpus,7,0.31,0.01,0.3485606830827445
100% Corpus,7,0.31,0.31,0.36158573137748673
100% Corpus,7,0.31,0.61,0.36563373354337214
100% Corpus,7,0.31,0.9099999999999999,0.39784185903339286
100% Corpus,7,0.31,symmetric,0.35119060724467277
100% Corpus,7,0.61,0.01,0.3541492011423625
100% Corpus,7,0.61,0.31,0.3614303356120104
100% Corpus,7,0.61,0.61,0.37781715624291834
100% Corpus,7,0.61,0.9099999999999999,0.3859362842507668
100% Corpus,7,0.61,symmetric,0.35844197470350936
100% Corpus,7,0.9099999999999999,0.01,0.36461156712122805
100% Corpus,7,0.9099999999999999,0.31,0.35165529623056424
100% Corpus,7,0.9099999999999999,0.61,0.36824920550696855
100% Corpus,7,0.9099999999999999,0.9099999999999999,0.3770833158878586
100% Corpus,7,0.9099999999999999,symmetric,0.3573755799300843
100% Corpus,7,symmetric,0.01,0.3398213021139096
100% Corpus,7,symmetric,0.31,0.3528547089473534
100% Corpus,7,symmetric,0.61,0.37196250716032847
100% Corpus,7,symmetric,0.9099999999999999,0.3902729258371445
100% Corpus,7,symmetric,symmetric,0.3474544562319254
100% Corpus,7,asymmetric,0.01,0.34173194339678464
100% Corpus,7,asymmetric,0.31,0.3626118082957551
100% Corpus,7,asymmetric,0.61,0.3711393503474799
100% Corpus,7,asymmetric,0.9099999999999999,0.39025063874823074
100% Corpus,7,asymmetric,symmetric,0.34392717598037487
100% Corpus,8,0.01,0.01,0.34137812285138247
100% Corpus,8,0.01,0.31,0.3505038606588438
100% Corpus,8,0.01,0.61,0.3716559379032936
100% Corpus,8,0.01,0.9099999999999999,0.38963078870681944
100% Corpus,8,0.01,symmetric,0.3505893190978091
100% Corpus,8,0.31,0.01,0.3485606830827445
100% Corpus,8,0.31,0.31,0.36158573137748673
100% Corpus,8,0.31,0.61,0.36563373354337214
100% Corpus,8,0.31,0.9099999999999999,0.39784185903339286
100% Corpus,8,0.31,symmetric,0.35119060724467277
100% Corpus,8,0.61,0.01,0.3541492011423625
100% Corpus,8,0.61,0.31,0.3614303356120104
100% Corpus,8,0.61,0.61,0.37781715624291834
100% Corpus,8,0.61,0.9099999999999999,0.3859362842507668
100% Corpus,8,0.61,symmetric,0.35844197470350936
100% Corpus,8,0.9099999999999999,0.01,0.36461156712122805
100% Corpus,8,0.9099999999999999,0.31,0.35165529623056424
100% Corpus,8,0.9099999999999999,0.61,0.36824920550696855
100% Corpus,8,0.9099999999999999,0.9099999999999999,0.3770833158878586
100% Corpus,8,0.9099999999999999,symmetric,0.3573755799300843
100% Corpus,8,symmetric,0.01,0.3398213021139096
100% Corpus,8,symmetric,0.31,0.3528547089473534
100% Corpus,8,symmetric,0.61,0.37196250716032847
100% Corpus,8,symmetric,0.9099999999999999,0.3902729258371445
100% Corpus,8,symmetric,symmetric,0.3474544562319254
100% Corpus,8,asymmetric,0.01,0.34173194339678464
100% Corpus,8,asymmetric,0.31,0.3626118082957551
100% Corpus,8,asymmetric,0.61,0.3711393503474799
100% Corpus,8,asymmetric,0.9099999999999999,0.39025063874823074
100% Corpus,8,asymmetric,symmetric,0.34392717598037487
100% Corpus,9,0.01,0.01,0.34137812285138247
100% Corpus,9,0.01,0.31,0.3505038606588438
100% Corpus,9,0.01,0.61,0.3716559379032936
100% Corpus,9,0.01,0.9099999999999999,0.38963078870681944
100% Corpus,9,0.01,symmetric,0.3505893190978091
100% Corpus,9,0.31,0.01,0.3485606830827445
100% Corpus,9,0.31,0.31,0.36158573137748673
100% Corpus,9,0.31,0.61,0.36563373354337214
100% Corpus,9,0.31,0.9099999999999999,0.39784185903339286
100% Corpus,9,0.31,symmetric,0.35119060724467277
100% Corpus,9,0.61,0.01,0.3541492011423625
100% Corpus,9,0.61,0.31,0.3614303356120104
100% Corpus,9,0.61,0.61,0.37781715624291834
100% Corpus,9,0.61,0.9099999999999999,0.3859362842507668
100% Corpus,9,0.61,symmetric,0.35844197470350936
100% Corpus,9,0.9099999999999999,0.01,0.36461156712122805
100% Corpus,9,0.9099999999999999,0.31,0.35165529623056424
100% Corpus,9,0.9099999999999999,0.61,0.36824920550696855
100% Corpus,9,0.9099999999999999,0.9099999999999999,0.3770833158878586
100% Corpus,9,0.9099999999999999,symmetric,0.3573755799300843
100% Corpus,9,symmetric,0.01,0.3398213021139096
100% Corpus,9,symmetric,0.31,0.3528547089473534
100% Corpus,9,symmetric,0.61,0.37196250716032847
100% Corpus,9,symmetric,0.9099999999999999,0.3902729258371445
100% Corpus,9,symmetric,symmetric,0.3474544562319254
100% Corpus,9,asymmetric,0.01,0.34173194339678464
100% Corpus,9,asymmetric,0.31,0.3626118082957551
100% Corpus,9,asymmetric,0.61,0.3711393503474799
100% Corpus,9,asymmetric,0.9099999999999999,0.39025063874823074
100% Corpus,9,asymmetric,symmetric,0.34392717598037487
100% Corpus,10,0.01,0.01,0.34137812285138247
100% Corpus,10,0.01,0.31,0.3505038606588438
100% Corpus,10,0.01,0.61,0.3716559379032936
100% Corpus,10,0.01,0.9099999999999999,0.38963078870681944
100% Corpus,10,0.01,symmetric,0.3505893190978091
100% Corpus,10,0.31,0.01,0.3485606830827445
100% Corpus,10,0.31,0.31,0.36158573137748673
100% Corpus,10,0.31,0.61,0.36563373354337214
100% Corpus,10,0.31,0.9099999999999999,0.39784185903339286
100% Corpus,10,0.31,symmetric,0.35119060724467277
100% Corpus,10,0.61,0.01,0.3541492011423625
100% Corpus,10,0.61,0.31,0.3614303356120104
100% Corpus,10,0.61,0.61,0.37781715624291834
100% Corpus,10,0.61,0.9099999999999999,0.3859362842507668
100% Corpus,10,0.61,symmetric,0.35844197470350936
100% Corpus,10,0.9099999999999999,0.01,0.36461156712122805
100% Corpus,10,0.9099999999999999,0.31,0.35165529623056424
100% Corpus,10,0.9099999999999999,0.61,0.36824920550696855
100% Corpus,10,0.9099999999999999,0.9099999999999999,0.3770833158878586
100% Corpus,10,0.9099999999999999,symmetric,0.3573755799300843
100% Corpus,10,symmetric,0.01,0.3398213021139096
100% Corpus,10,symmetric,0.31,0.3528547089473534
100% Corpus,10,symmetric,0.61,0.37196250716032847
100% Corpus,10,symmetric,0.9099999999999999,0.3902729258371445
100% Corpus,10,symmetric,symmetric,0.3474544562319254
100% Corpus,10,asymmetric,0.01,0.34173194339678464
100% Corpus,10,asymmetric,0.31,0.3626118082957551
100% Corpus,10,asymmetric,0.61,0.3711393503474799
100% Corpus,10,asymmetric,0.9099999999999999,0.39025063874823074
100% Corpus,10,asymmetric,symmetric,0.34392717598037487
