,0,Predicted values
0,1,1
1,1,1
2,0,0
3,0,0
4,1,1
5,1,1
6,0,0
7,0,0
8,1,1
9,1,1
10,0,0
11,1,1
12,1,1
13,1,1
14,1,1
15,0,0
16,1,1
17,1,1
18,0,0
19,1,1
20,1,1
21,0,0
22,0,0
23,0,0
24,0,0
25,0,0
26,1,1
27,1,1
28,1,1
29,1,1
30,1,1
31,0,0
32,1,1
33,0,0
34,1,1
35,0,0
36,0,0
37,1,1
38,0,0
39,1,0
40,0,0
41,1,1
42,0,0
43,1,1
44,0,0
45,1,1
46,1,1
47,1,1
48,1,1
49,1,1
50,0,0
51,0,0
52,1,1
53,1,1
54,1,1
55,0,0
56,0,0
57,1,1
58,1,1
59,1,1
60,0,0
61,1,1
62,0,0
63,1,1
64,1,1
65,0,0
66,1,1
67,0,0
68,0,0
69,0,0
70,1,1
71,0,0
72,1,1
73,0,0
74,0,0
75,1,1
76,1,1
77,1,1
78,1,1
79,1,1
80,1,1
81,0,0
82,0,0
83,0,0
84,0,0
85,1,1
86,0,0
87,1,1
88,0,0
89,1,1
90,1,1
91,0,0
92,1,1
93,1,1
94,1,1
95,1,1
96,1,1
97,0,0
98,1,1
99,1,1
100,1,1
101,0,0
102,1,1
103,1,0
104,0,0
105,0,0
106,0,0
107,0,0
108,0,0
109,1,1
110,1,1
111,0,0
112,1,1
113,1,1
114,0,0
115,0,0
116,0,0
117,0,0
118,1,1
119,1,1
120,0,0
121,1,1
122,0,0
123,1,1
124,0,0
125,0,0
126,0,0
127,1,1
128,1,1
129,1,1
130,1,1
131,0,0
132,1,1
133,1,1
134,0,0
135,0,0
136,1,1
137,0,0
138,0,0
139,1,1
140,0,0
141,0,0
142,0,0
143,0,0
144,0,0
145,0,0
146,0,0
147,1,1
148,1,1
149,1,1
150,0,0
151,0,0
152,1,1
153,1,1
154,1,1
155,0,0
156,1,1
157,1,1
158,1,1
159,0,0
160,1,1
161,1,1
162,1,1
163,0,0
164,0,0
165,0,0
166,1,1
167,1,1
168,1,1
169,1,1
170,1,1
171,1,1
172,0,0
173,0,0
174,1,1
175,0,0
176,1,1
177,1,0
178,1,1
179,0,0
180,0,1
181,1,1
182,0,0
183,1,1
184,1,0
185,1,1
186,0,0
187,1,1
188,0,0
189,1,1
190,1,1
191,0,0
192,0,0
193,0,0
194,0,0
195,1,1
196,0,0
197,1,1
198,1,1
199,0,0
200,1,1
201,1,1
202,0,0
203,0,0
204,0,0
205,1,1
206,1,1
207,0,0
208,0,0
209,1,1
210,1,1
211,1,1
212,0,0
213,0,0
214,1,1
215,1,1
216,1,1
217,1,1
218,1,1
219,1,1
220,0,0
221,0,1
222,0,0
223,1,1
224,1,1
225,0,0
226,1,1
227,0,0
228,0,0
229,1,1
230,0,0
231,0,0
232,0,0
233,0,0
234,1,1
235,0,0
236,0,0
237,1,1
238,1,1
239,0,0
240,1,1
241,0,0
242,0,0
243,0,0
244,0,0
245,0,0
246,0,0
247,1,1
248,1,1
249,1,1
250,1,1
251,0,0
252,1,1
253,1,1
254,0,0
255,1,1
256,0,0
257,1,1
258,1,1
259,0,0
260,1,1
261,1,1
262,0,0
263,1,1
264,1,1
265,0,1
266,0,0
267,1,1
268,1,1
269,0,0
270,0,0
271,0,0
272,0,0
273,1,1
274,1,1
275,0,0
276,1,1
277,0,0
278,0,0
279,0,0
280,1,1
281,0,0
282,1,1
283,0,0
284,1,0
285,0,0
286,0,0
287,1,1
288,0,0
289,0,0
290,0,0
291,1,1
292,1,1
293,1,1
294,0,0
295,0,0
296,1,1
297,0,0
298,1,1
299,0,0
300,0,0
301,1,1
302,0,0
303,1,1
304,1,1
305,1,1
306,0,0
307,1,1
308,0,0
309,0,0
310,1,1
311,1,1
312,0,0
313,0,0
314,0,0
315,0,0
316,0,0
317,0,0
318,0,0
319,0,1
320,1,1
321,1,1
322,1,1
323,0,0
324,0,0
325,1,1
326,1,1
327,0,0
328,0,0
329,1,1
330,1,1
331,1,1
332,1,1
333,0,0
334,0,0
335,0,0
336,0,0
337,1,1
338,1,1
339,1,1
340,0,0
341,1,1
342,0,0
343,1,1
344,0,0
345,0,0
346,0,0
347,0,0
348,1,1
349,0,0
350,1,0
351,0,0
352,1,1
353,1,1
354,0,0
355,1,1
356,0,0
357,0,0
358,1,1
359,0,0
360,1,1
361,0,1
362,1,1
363,0,0
364,1,1
365,0,0
366,1,1
367,1,1
368,0,0
369,1,1
370,0,0
371,0,0
372,0,0
373,1,1
374,0,0
375,1,1
376,1,1
377,1,1
378,1,1
379,1,1
380,1,1
381,1,1
382,0,0
383,0,0
384,0,0
385,0,0
386,0,0
387,1,1
388,1,1
389,1,1
390,0,0
391,0,0
392,0,0
393,0,0
394,1,1
395,1,1
396,1,1
397,0,0
398,0,0
399,1,1
400,1,1
401,1,1
402,0,0
403,1,1
404,0,0
405,0,0
406,0,0
407,1,1
408,1,1
409,1,1
410,0,0
411,1,1
412,1,1
413,0,0
414,1,1
415,1,1
416,0,0
417,0,0
418,1,1
419,0,0
420,0,0
421,0,0
422,1,1
423,1,1
424,0,0
425,1,1
426,0,0
427,0,0
428,0,0
429,0,0
430,0,0
431,0,0
432,1,1
433,0,0
434,0,0
435,1,1
436,0,0
437,0,0
438,1,1
439,1,1
440,1,1
441,0,0
442,1,1
443,0,0
444,1,1
445,1,1
446,1,1
447,0,0
448,1,1
449,1,1
450,1,1
451,1,1
452,0,0
453,1,1
454,1,1
455,1,1
456,0,0
457,0,0
458,0,0
459,1,1
460,0,0
461,0,0
462,0,0
463,1,1
464,0,1
465,1,1
466,0,0
467,1,1
468,1,1
469,0,0
470,1,1
471,1,1
472,1,1
473,1,1
474,1,1
475,0,0
476,1,1
477,0,0
478,1,1
479,0,0
480,1,1
481,0,0
482,0,0
483,1,1
484,0,1
485,1,1
486,0,0
487,0,0
488,0,0
489,1,1
490,0,0
491,0,0
492,1,1
493,0,0
494,0,0
495,1,1
496,0,0
497,1,1
498,1,1
499,0,0
500,0,0
501,0,0
502,0,0
503,0,0
504,1,1
505,0,0
506,1,1
507,0,0
508,1,1
509,0,0
510,0,0
511,0,0
512,1,1
513,0,0
514,1,1
515,1,1
516,1,1
517,1,1
518,0,0
519,0,0
520,1,1
521,0,0
522,1,1
523,0,0
524,0,0
525,0,0
526,1,1
527,0,0
528,1,1
529,0,0
530,1,1
531,1,1
532,1,1
533,0,0
534,1,1
535,0,0
536,1,1
537,0,0
538,1,1
539,0,0
540,0,0
541,0,0
542,0,0
543,1,1
544,1,1
545,0,0
546,1,1
547,0,0
548,0,0
549,1,1
550,1,1
551,1,1
552,1,1
553,1,1
554,0,0
555,0,0
556,0,0
557,0,0
558,0,0
559,1,1
560,1,1
561,1,1
562,1,1
563,1,0
564,0,0
565,0,0
566,1,1
567,0,0
568,0,0
569,1,1
570,0,0
571,0,0
572,1,1
573,0,0
574,0,0
575,1,1
576,0,0
577,1,1
578,0,0
579,1,1
580,1,1
581,0,0
582,1,1
583,1,1
584,1,1
585,0,0
586,0,0
587,1,1
588,1,1
589,1,1
590,0,0
591,0,0
592,0,0
593,1,1
594,0,0
595,0,0
596,1,1
597,1,1
598,1,1
599,1,1
600,1,1
601,0,0
602,1,1
603,1,1
604,0,0
605,0,0
606,0,0
607,0,0
608,1,1
609,1,1
610,0,0
611,1,1
612,1,1
613,0,0
614,1,1
615,1,1
616,1,1
617,1,1
618,1,1
619,0,0
620,1,1
621,0,0
622,0,0
623,0,0
624,0,0
625,0,0
626,1,1
627,1,1
628,1,1
629,0,0
630,1,1
631,1,1
632,1,1
633,1,1
634,0,0
635,1,1
636,1,1
637,1,1
638,0,0
639,1,1
640,0,0
641,1,1
642,0,0
643,1,1
644,0,0
645,1,1
646,1,1
647,1,1
648,0,0
649,0,0
650,1,1
651,0,0
652,1,1
653,0,0
654,1,0
655,0,0
656,0,0
657,1,1
658,1,1
659,0,0
660,1,1
661,0,0
662,0,0
663,1,1
664,1,1
665,1,1
666,0,0
667,1,1
668,1,1
669,1,1
670,1,1
671,1,1
672,0,0
673,0,0
674,0,0
675,0,0
676,0,0
677,1,1
678,0,0
679,0,0
680,0,0
681,0,0
682,1,1
683,1,1
684,1,1
685,0,0
686,0,0
687,0,1
688,1,1
689,1,1
690,0,0
691,1,1
692,1,1
693,1,1
694,0,0
695,0,0
696,0,0
697,0,0
698,0,0
699,0,0
700,0,0
701,1,0
702,1,1
703,1,1
704,0,0
705,0,0
706,0,0
707,1,1
708,0,0
709,1,1
710,1,1
711,0,0
712,0,0
713,0,0
714,0,0
715,1,1
716,1,1
717,1,1
718,0,0
719,0,0
720,0,0
721,0,0
722,1,1
723,1,1
724,0,0
725,0,0
726,1,1
727,1,1
728,0,0
729,0,0
730,0,0
731,0,0
732,1,1
733,0,0
734,0,0
735,1,1
736,1,1
737,1,1
738,0,0
739,1,1
740,1,1
741,0,0
742,1,1
743,1,1
744,1,1
745,0,0
746,1,1
747,0,0
748,1,1
749,1,1
750,0,0
751,0,0
752,0,0
753,1,1
754,0,0
755,0,0
756,0,0
757,1,1
758,1,1
759,0,0
760,0,0
761,0,0
762,1,1
763,0,0
764,0,0
765,0,0
766,1,1
767,1,1
768,1,1
769,0,0
770,0,0
771,0,0
772,1,1
773,1,1
774,1,1
775,0,0
776,0,0
777,1,1
778,1,1
779,1,1
780,0,0
781,1,1
782,1,1
783,1,1
784,1,1
785,0,0
786,1,1
787,1,1
788,0,0
789,1,1
790,1,1
791,0,0
792,1,1
793,1,1
794,0,0
795,1,1
796,0,0
797,1,1
798,1,1
799,0,0
800,0,0
801,0,0
802,1,1
803,0,0
804,1,1
805,1,1
806,1,1
807,1,1
808,1,1
809,0,0
810,0,0
811,0,0
812,1,1
813,1,1
814,1,1
815,0,0
816,0,0
817,0,0
818,0,0
819,0,0
820,0,0
821,1,1
822,1,1
823,1,1
824,1,1
825,1,1
826,1,1
827,1,1
828,0,0
829,0,0
830,0,0
831,1,1
832,1,1
833,1,1
834,1,1
835,1,1
836,1,1
837,0,0
838,1,1
839,1,1
840,0,0
841,1,1
842,1,1
843,0,0
844,0,0
845,0,0
846,1,1
847,0,0
848,0,0
849,1,1
850,1,1
851,1,1
852,0,0
853,0,0
854,1,1
855,1,1
856,1,1
857,1,1
858,1,1
859,1,1
860,0,0
861,0,0
862,0,0
863,0,0
864,1,1
865,1,1
866,0,0
867,0,0
868,1,1
869,0,0
870,0,0
871,0,0
872,0,0
873,0,0
874,1,1
875,0,0
876,1,1
877,1,1
878,0,0
879,1,1
880,1,1
881,1,1
882,1,1
883,1,1
884,1,1
885,0,0
886,1,1
887,1,1
888,0,0
889,1,0
890,0,0
891,1,1
892,1,1
893,1,1
894,1,1
895,1,1
896,0,0
897,1,1
898,0,0
899,1,1
900,1,1
901,0,0
902,1,1
903,1,1
904,1,1
905,1,1
906,0,0
907,0,0
908,1,1
909,0,0
910,1,1
911,1,1
912,1,1
913,0,0
914,1,1
915,1,1
916,0,0
917,0,0
918,1,1
919,1,1
920,1,1
921,0,0
922,1,1
923,1,1
924,1,1
925,1,1
926,0,0
927,0,0
928,1,1
929,0,0
930,1,1
931,1,1
932,0,0
933,1,1
934,0,0
935,0,0
936,1,1
937,0,0
938,0,0
939,1,1
940,0,0
941,0,0
942,1,1
943,0,0
944,0,0
945,1,1
946,1,1
947,0,0
948,0,0
949,1,0
950,1,1
951,0,0
952,1,1
953,0,0
954,0,0
955,1,1
956,1,1
957,0,0
958,1,1
959,0,0
960,1,1
961,0,0
962,1,1
963,0,0
964,0,0
965,1,1
966,1,1
967,1,1
968,0,0
969,0,0
970,0,0
971,1,1
972,0,0
973,1,0
974,0,0
975,0,0
976,1,1
977,0,0
978,0,0
979,1,1
980,0,1
981,1,1
982,0,0
983,1,1
984,1,1
985,1,1
986,0,0
987,0,0
988,1,1
989,1,1
990,0,1
991,0,0
992,1,1
993,0,0
994,0,0
995,1,1
996,0,0
997,0,0
998,1,1
999,0,0
1000,0,0
1001,0,0
1002,0,0
1003,1,1
1004,0,0
1005,1,1
1006,0,0
1007,0,0
1008,1,1
1009,0,0
1010,1,1
1011,1,1
1012,0,0
1013,0,0
1014,0,0
1015,1,1
1016,0,0
1017,1,1
1018,1,1
1019,1,1
1020,0,0
1021,0,0
1022,0,0
1023,0,0
1024,0,0
1025,1,1
1026,1,1
1027,0,0
1028,0,0
1029,1,1
1030,0,0
1031,0,0
1032,0,0
1033,0,0
1034,1,1
1035,0,0
1036,1,1
1037,0,0
1038,0,0
1039,1,1
1040,1,1
1041,0,0
1042,1,1
1043,0,0
1044,1,1
1045,0,0
1046,1,1
1047,0,0
1048,0,0
1049,0,0
1050,0,0
1051,1,1
1052,0,0
1053,0,0
1054,1,1
1055,0,0
1056,0,0
1057,1,1
1058,1,1
1059,1,1
1060,0,0
1061,0,0
1062,1,1
1063,0,0
1064,1,1
1065,1,1
1066,1,0
1067,0,0
1068,0,0
1069,0,0
1070,0,0
1071,1,1
1072,1,1
1073,1,1
1074,0,1
1075,0,0
1076,1,1
1077,0,0
1078,1,1
1079,1,1
1080,0,0
1081,1,1
1082,0,0
1083,1,1
1084,1,1
1085,1,1
1086,1,1
1087,1,1
1088,1,1
1089,0,0
1090,1,1
1091,0,0
1092,0,0
1093,1,1
1094,0,0
1095,0,0
1096,0,0
1097,1,1
1098,1,1
1099,1,1
1100,1,1
1101,1,1
1102,0,0
1103,1,1
1104,0,0
1105,1,1
1106,1,1
1107,1,1
1108,1,1
1109,0,0
1110,1,1
1111,0,0
1112,1,1
1113,1,1
1114,0,0
1115,0,0
1116,1,1
1117,0,0
1118,1,1
1119,0,0
1120,1,1
1121,1,1
1122,0,0
1123,1,1
1124,0,0
1125,1,1
1126,1,1
1127,0,0
1128,1,0
1129,0,0
1130,0,0
1131,0,0
1132,1,1
1133,0,0
1134,0,0
1135,0,0
1136,1,1
1137,1,1
1138,1,1
1139,1,1
1140,0,0
1141,0,0
1142,0,0
1143,1,1
1144,0,0
1145,0,0
1146,0,0
1147,0,0
1148,1,1
1149,1,1
1150,0,0
1151,0,0
1152,1,1
1153,0,0
1154,0,0
1155,1,1
1156,0,0
1157,0,0
1158,1,1
1159,0,0
1160,1,1
1161,1,1
1162,1,1
1163,1,1
1164,0,0
1165,0,0
1166,1,1
1167,0,0
1168,1,1
1169,0,0
1170,0,0
1171,0,0
1172,0,0
1173,0,0
1174,0,0
1175,0,0
1176,0,0
1177,0,0
1178,0,0
1179,0,0
1180,0,0
1181,1,1
1182,0,0
1183,1,1
1184,1,1
1185,0,0
1186,1,1
1187,0,0
1188,1,1
1189,0,0
1190,0,0
1191,0,0
1192,0,0
1193,1,1
1194,1,1
1195,0,0
1196,0,0
1197,1,1
1198,1,0
1199,1,1
1200,0,0
1201,1,1
1202,1,1
1203,1,1
1204,1,1
1205,1,1
1206,1,1
1207,1,1
1208,0,0
1209,0,0
1210,1,1
1211,0,0
1212,1,1
1213,0,0
1214,1,1
1215,0,0
1216,0,0
1217,0,0
1218,0,0
1219,0,0
1220,0,0
1221,0,0
1222,0,0
1223,1,1
1224,0,0
1225,1,1
1226,0,0
1227,0,0
1228,0,0
1229,0,0
1230,0,0
1231,0,0
1232,1,1
1233,1,1
1234,0,0
1235,0,0
1236,1,1
1237,1,1
1238,0,0
1239,0,0
1240,1,1
1241,1,1
1242,1,1
1243,1,1
1244,1,0
1245,1,1
1246,0,0
1247,1,1
1248,1,1
1249,1,1
1250,1,1
1251,1,1
1252,0,0
1253,0,0
1254,0,0
1255,0,0
1256,1,0
1257,1,1
1258,1,1
1259,1,1
1260,0,0
1261,0,0
1262,0,0
1263,0,0
1264,0,0
1265,1,1
1266,1,0
1267,1,1
1268,0,0
1269,0,0
1270,1,1
1271,1,0
1272,0,0
1273,0,0
1274,1,1
1275,1,1
1276,1,1
1277,1,1
1278,1,1
1279,0,0
1280,0,0
1281,1,1
1282,1,1
1283,0,0
1284,1,1
1285,1,1
1286,0,0
1287,1,1
1288,1,1
1289,1,1
1290,1,1
1291,1,1
1292,0,0
1293,0,0
1294,0,0
1295,1,1
1296,0,0
1297,1,1
1298,1,1
1299,1,1
1300,0,0
1301,1,1
1302,0,0
1303,1,1
1304,0,0
1305,1,1
1306,0,0
1307,0,0
1308,0,0
1309,1,1
1310,0,0
1311,1,1
1312,1,1
1313,0,0
1314,0,0
1315,0,0
1316,0,0
1317,1,1
1318,0,0
1319,1,1
1320,0,0
1321,0,0
1322,0,0
1323,0,0
1324,0,0
1325,0,0
1326,1,1
1327,0,0
1328,1,1
1329,1,1
1330,1,1
1331,0,0
1332,1,1
1333,1,1
1334,1,1
1335,0,0
1336,1,1
1337,1,1
1338,1,1
1339,1,1
1340,0,0
1341,0,0
1342,1,1
1343,0,0
1344,0,0
1345,0,0
1346,1,1
1347,0,0
1348,1,1
1349,1,1
1350,1,1
1351,1,0
1352,1,1
1353,1,1
1354,1,1
1355,0,0
1356,1,1
1357,0,0
1358,0,0
1359,0,0
1360,0,0
1361,1,1
1362,1,1
1363,1,1
1364,1,1
1365,0,0
1366,1,1
1367,1,1
1368,1,1
1369,0,0
1370,1,1
1371,1,1
1372,1,1
1373,0,0
1374,1,1
1375,1,1
1376,0,0
1377,1,1
1378,0,0
1379,0,0
1380,0,0
1381,1,1
1382,0,0
1383,0,0
1384,0,0
1385,0,0
1386,0,0
1387,0,0
1388,0,0
1389,1,1
1390,0,0
1391,0,0
1392,1,1
1393,1,1
1394,1,1
1395,1,1
1396,1,1
1397,0,0
1398,1,1
1399,0,0
1400,0,0
1401,0,0
1402,0,0
1403,1,1
1404,0,0
1405,1,1
1406,1,1
1407,0,0
1408,0,0
1409,1,1
1410,0,0
1411,1,1
1412,1,1
1413,0,0
1414,0,0
1415,0,0
1416,0,0
1417,1,1
1418,0,0
1419,1,1
1420,1,1
1421,0,0
1422,0,0
1423,1,1
1424,1,1
1425,1,1
1426,0,0
1427,1,1
1428,0,0
1429,0,0
1430,0,0
1431,0,0
1432,0,0
1433,0,0
1434,0,0
1435,1,1
1436,0,0
1437,1,0
1438,0,0
1439,1,1
1440,0,0
1441,1,1
1442,1,1
1443,1,1
1444,1,1
1445,1,1
1446,0,0
1447,0,0
1448,1,1
1449,0,0
1450,1,1
1451,1,1
1452,0,0
1453,0,0
1454,0,0
1455,0,0
1456,1,1
1457,0,0
1458,1,1
1459,0,0
1460,1,1
1461,1,1
1462,1,1
1463,1,1
1464,1,1
1465,0,0
1466,0,0
1467,0,0
1468,1,1
1469,0,0
1470,0,0
1471,0,0
1472,1,1
1473,0,0
1474,0,0
1475,1,1
1476,1,1
1477,1,1
1478,0,0
1479,0,0
1480,0,0
1481,1,1
1482,0,0
1483,0,0
1484,1,1
1485,0,0
1486,0,0
1487,1,1
1488,1,1
1489,0,0
1490,0,0
1491,0,0
1492,0,0
1493,1,1
1494,0,0
1495,0,0
1496,1,1
1497,1,1
1498,1,1
1499,0,0
1500,0,1
1501,0,0
1502,0,0
1503,0,0
1504,0,0
1505,1,1
1506,1,1
1507,1,1
1508,1,1
1509,0,0
1510,0,0
1511,1,1
1512,0,0
1513,0,0
1514,1,1
1515,0,0
1516,1,1
1517,0,0
1518,0,0
1519,0,0
1520,0,0
1521,1,1
1522,0,0
1523,0,0
1524,0,0
1525,1,1
1526,1,1
1527,0,0
1528,1,1
1529,1,1
1530,0,0
1531,0,0
1532,1,1
1533,1,1
1534,0,0
1535,0,0
1536,0,0
1537,1,1
1538,1,1
1539,1,1
1540,0,0
1541,0,0
1542,0,0
1543,0,0
1544,1,0
1545,0,0
1546,0,0
1547,1,1
1548,0,0
1549,0,0
1550,1,1
1551,0,0
1552,1,1
1553,1,1
1554,1,1
1555,0,0
1556,0,0
1557,1,1
1558,1,1
1559,0,0
1560,1,1
1561,1,1
1562,0,0
1563,1,1
1564,0,0
1565,0,0
1566,0,1
1567,1,1
1568,1,1
1569,0,0
1570,0,0
1571,0,0
1572,1,1
1573,0,0
1574,1,1
1575,1,1
1576,1,1
1577,0,0
1578,1,1
1579,1,1
1580,0,0
1581,1,1
1582,1,1
1583,1,1
1584,0,0
1585,0,0
1586,0,0
1587,1,1
1588,0,0
1589,1,1
1590,1,1
1591,0,0
1592,0,0
1593,0,0
1594,0,0
1595,1,1
1596,1,1
1597,0,0
1598,0,0
1599,1,1
1600,1,1
1601,0,0
1602,1,1
1603,0,0
1604,0,0
1605,0,0
1606,1,1
1607,1,1
1608,1,1
1609,0,0
1610,1,1
1611,1,1
1612,0,0
1613,1,1
1614,0,0
1615,0,0
1616,0,0
1617,1,1
1618,0,0
1619,0,0
1620,0,0
1621,1,1
1622,0,0
1623,0,0
1624,0,0
1625,1,0
1626,1,1
1627,1,1
1628,1,1
1629,1,1
1630,0,0
1631,1,1
1632,1,1
1633,0,0
1634,0,0
1635,0,0
1636,0,0
1637,1,1
1638,1,1
1639,1,1
1640,1,0
1641,0,0
1642,1,1
1643,1,1
1644,1,1
1645,0,0
1646,0,0
1647,0,0
1648,0,0
1649,0,0
1650,1,1
1651,0,0
1652,0,0
1653,0,0
1654,1,1
1655,0,0
1656,1,1
1657,1,1
1658,1,1
1659,1,1
1660,0,0
1661,0,0
1662,1,1
1663,1,1
1664,0,0
1665,1,1
1666,0,0
1667,1,1
1668,1,1
1669,1,1
1670,1,1
1671,0,0
1672,1,1
1673,0,0
1674,1,1
1675,0,0
1676,1,1
1677,0,0
1678,0,0
1679,1,1
1680,1,1
1681,1,1
1682,0,0
1683,1,0
1684,0,0
1685,0,0
1686,1,1
1687,0,0
1688,1,1
1689,0,0
1690,0,0
1691,0,0
1692,0,0
1693,0,0
1694,1,1
1695,1,1
1696,0,0
1697,0,0
1698,1,1
1699,1,1
1700,1,1
1701,1,1
1702,1,1
1703,1,1
1704,0,0
1705,1,1
1706,0,0
1707,0,0
1708,1,1
1709,0,0
1710,0,0
1711,0,0
1712,0,0
1713,0,0
1714,0,0
1715,1,1
1716,1,1
1717,1,1
1718,0,0
1719,1,1
1720,1,1
1721,0,0
1722,1,1
1723,1,1
1724,1,1
1725,1,1
1726,1,1
1727,0,0
1728,1,1
1729,1,1
1730,1,1
1731,1,1
1732,1,1
1733,0,0
1734,0,0
1735,0,0
1736,1,1
1737,0,0
1738,0,0
1739,1,1
1740,1,1
1741,1,1
1742,1,1
1743,1,1
1744,0,0
1745,1,1
1746,1,1
1747,0,0
1748,0,0
1749,1,1
1750,1,0
1751,0,0
1752,0,0
1753,1,1
1754,0,0
1755,1,1
1756,1,1
1757,0,0
1758,0,0
1759,1,1
1760,0,0
1761,1,1
1762,0,0
1763,1,1
1764,0,0
1765,1,1
1766,1,1
1767,1,1
1768,1,1
1769,0,0
1770,1,1
1771,1,1
1772,1,1
1773,0,0
1774,0,0
1775,0,0
1776,1,1
1777,0,0
1778,0,0
1779,0,0
1780,0,0
1781,1,1
1782,0,0
1783,1,1
1784,1,1
1785,0,0
1786,0,0
1787,1,1
1788,0,0
1789,1,1
1790,0,0
1791,0,0
1792,1,1
1793,1,1
1794,0,0
1795,0,0
1796,0,0
1797,0,0
1798,1,1
1799,1,1
1800,1,1
1801,0,0
1802,0,0
1803,0,0
1804,0,0
1805,1,1
1806,1,1
1807,1,1
1808,1,1
1809,1,1
1810,1,1
1811,1,1
1812,1,1
1813,1,1
1814,0,1
1815,0,0
1816,0,0
1817,1,1
1818,0,0
1819,1,1
1820,0,1
1821,0,0
1822,1,1
1823,1,1
1824,0,0
1825,1,1
1826,1,0
1827,0,0
1828,1,1
1829,1,1
1830,1,1
1831,0,0
1832,0,0
1833,0,0
1834,1,1
1835,1,1
1836,1,0
1837,0,0
1838,0,0
1839,0,0
1840,0,0
1841,0,0
1842,0,0
1843,0,0
1844,0,0
1845,1,1
1846,0,0
1847,0,0
1848,0,0
1849,0,0
1850,0,0
1851,1,1
1852,0,0
1853,1,1
1854,0,0
1855,1,1
1856,0,0
1857,1,1
1858,0,0
1859,1,1
1860,0,0
1861,1,1
1862,0,0
1863,0,0
1864,1,1
1865,1,1
1866,0,1
1867,0,0
1868,1,1
1869,0,0
1870,1,1
1871,1,1
1872,1,1
1873,0,0
1874,0,0
1875,0,0
1876,1,1
1877,1,1
1878,0,0
1879,0,0
1880,0,0
1881,1,1
1882,0,0
1883,0,0
1884,0,0
1885,1,1
1886,1,1
1887,1,1
1888,0,0
1889,0,0
1890,0,0
1891,0,1
1892,0,0
1893,1,1
1894,0,0
1895,1,1
1896,0,0
1897,0,0
1898,1,1
1899,0,0
1900,0,1
1901,1,1
1902,0,0
1903,0,0
1904,0,0
1905,1,1
1906,0,0
1907,0,0
1908,1,1
1909,0,0
1910,0,0
1911,1,1
1912,1,1
1913,1,1
1914,0,0
1915,1,1
1916,0,0
1917,1,1
1918,0,0
1919,0,0
1920,1,1
1921,0,0
1922,0,0
1923,1,1
1924,1,1
1925,1,1
1926,1,1
1927,1,1
1928,1,1
1929,0,0
1930,1,1
1931,1,1
1932,1,1
1933,1,1
1934,0,0
1935,0,0
1936,0,0
1937,0,0
1938,0,0
1939,1,1
1940,1,1
1941,0,0
1942,0,0
1943,1,1
1944,1,1
1945,0,0
1946,0,0
1947,0,0
1948,1,1
1949,0,0
1950,0,0
1951,1,1
1952,1,1
1953,1,1
1954,0,0
1955,0,0
1956,0,0
1957,0,0
1958,0,0
1959,1,1
1960,1,1
1961,1,1
1962,0,0
1963,1,1
1964,1,1
1965,0,0
1966,0,0
1967,1,1
1968,1,1
1969,0,0
1970,1,1
1971,1,1
1972,1,1
1973,1,1
1974,1,1
1975,1,1
1976,0,0
1977,1,1
1978,1,1
1979,1,1
1980,1,1
1981,1,1
1982,1,1
1983,0,0
1984,0,0
1985,1,1
1986,1,1
1987,1,1
1988,1,1
1989,1,1
1990,0,0
1991,1,1
1992,0,0
1993,1,1
1994,0,0
1995,1,1
1996,0,0
1997,1,1
1998,0,0
1999,1,1
2000,0,0
2001,1,1
2002,1,1
2003,1,1
2004,0,0
2005,1,0
2006,0,0
2007,0,0
2008,0,0
2009,0,0
2010,0,0
2011,1,1
2012,0,0
2013,0,0
2014,1,1
2015,1,1
2016,1,1
2017,0,0
2018,0,0
2019,0,0
2020,1,1
2021,1,1
2022,0,0
2023,1,1
2024,0,0
2025,1,1
2026,0,0
2027,1,1
2028,0,0
2029,1,1
2030,0,0
2031,0,0
2032,0,0
2033,1,1
2034,1,1
2035,0,0
2036,0,0
2037,1,1
2038,0,0
2039,1,1
2040,0,0
2041,1,1
2042,0,0
2043,1,1
2044,1,1
2045,0,0
2046,0,0
2047,0,0
2048,1,1
2049,1,1
2050,0,0
2051,1,1
2052,1,1
2053,1,1
2054,1,1
2055,0,0
2056,1,1
2057,1,1
2058,1,1
2059,1,1
2060,0,0
2061,0,0
2062,0,0
2063,1,1
2064,1,1
2065,1,1
2066,1,1
2067,1,1
2068,0,0
2069,1,1
2070,1,1
2071,0,0
2072,0,0
2073,0,0
2074,1,1
2075,1,1
2076,1,1
2077,0,1
2078,1,1
2079,0,0
2080,0,0
2081,1,1
2082,1,1
2083,1,1
2084,1,1
2085,0,0
2086,0,0
2087,1,1
2088,0,0
2089,0,0
2090,1,1
2091,1,1
2092,0,0
2093,0,0
2094,0,0
2095,0,0
2096,0,0
2097,0,0
2098,0,0
2099,1,1
2100,0,0
2101,0,0
2102,0,0
2103,0,0
2104,1,1
2105,1,1
2106,1,1
2107,1,1
2108,1,1
2109,0,0
2110,0,0
2111,1,1
2112,0,0
2113,0,0
2114,0,0
2115,0,0
2116,1,1
2117,0,0
2118,0,0
2119,0,0
2120,1,1
2121,1,1
2122,0,0
2123,0,0
2124,1,1
2125,1,1
2126,1,1
2127,0,0
2128,1,1
2129,1,1
2130,0,0
2131,1,1
2132,1,1
2133,1,1
2134,1,1
2135,1,1
2136,0,0
2137,1,1
2138,0,0
2139,1,1
2140,0,0
2141,0,0
2142,1,1
2143,1,1
2144,0,0
2145,1,1
2146,0,0
2147,0,0
2148,0,0
2149,1,1
2150,0,0
2151,1,1
2152,0,0
2153,1,1
2154,0,0
2155,0,0
2156,1,1
2157,0,0
2158,0,0
2159,0,0
2160,1,1
2161,0,0
2162,0,0
2163,0,0
2164,0,0
2165,1,1
2166,0,0
2167,1,1
2168,0,0
2169,0,0
2170,1,1
2171,0,0
2172,1,1
2173,1,1
2174,1,1
2175,0,0
2176,0,0
2177,0,0
2178,0,0
2179,1,1
2180,1,1
2181,1,1
2182,0,0
2183,0,0
2184,1,1
2185,0,0
2186,1,1
2187,1,1
2188,1,1
2189,1,1
2190,1,1
2191,1,1
2192,0,0
2193,0,0
2194,0,0
2195,1,1
2196,1,1
2197,0,0
2198,0,0
2199,0,0
2200,1,1
2201,1,1
2202,0,0
2203,1,1
2204,1,1
2205,1,1
2206,0,0
2207,1,1
2208,1,1
2209,1,1
2210,1,1
2211,1,0
2212,0,0
2213,0,0
2214,0,0
2215,1,1
2216,0,0
2217,0,0
2218,0,1
2219,0,0
2220,0,0
2221,0,0
2222,1,1
2223,1,1
2224,0,0
2225,0,0
2226,1,1
2227,1,1
2228,0,0
2229,0,0
2230,1,1
2231,1,1
2232,0,0
2233,1,1
2234,0,0
2235,0,0
2236,1,1
2237,0,0
2238,0,1
2239,0,1
2240,1,1
2241,1,1
2242,0,0
2243,0,0
2244,0,0
2245,0,0
2246,0,1
2247,1,1
2248,0,0
2249,0,0
2250,0,0
2251,0,0
2252,0,0
2253,1,1
2254,1,0
2255,1,1
2256,1,0
2257,1,1
2258,0,1
2259,1,1
2260,0,0
2261,0,0
2262,0,0
2263,1,1
2264,0,1
2265,0,0
2266,1,1
2267,1,1
2268,0,0
2269,0,0
2270,0,0
2271,1,1
2272,0,0
2273,0,0
2274,0,0
2275,1,1
2276,0,0
2277,1,1
2278,1,1
2279,1,1
2280,1,1
2281,1,1
2282,0,0
2283,0,0
2284,0,0
2285,1,1
2286,0,0
2287,0,0
2288,0,0
2289,1,1
2290,0,0
2291,1,1
2292,1,1
2293,0,0
2294,0,0
2295,0,0
2296,0,0
2297,1,1
2298,1,1
2299,1,1
2300,1,1
2301,1,1
2302,0,0
2303,1,1
2304,0,1
2305,0,0
2306,1,1
2307,1,1
2308,1,1
2309,0,0
2310,0,0
2311,0,0
2312,1,1
2313,1,1
2314,0,0
2315,1,1
2316,1,1
2317,0,0
2318,0,0
2319,1,1
2320,1,1
2321,0,0
2322,1,1
2323,0,0
2324,0,0
2325,1,1
2326,0,0
2327,1,1
2328,1,1
2329,1,1
2330,0,0
2331,0,0
2332,0,0
2333,0,0
2334,0,0
2335,1,1
2336,1,1
2337,1,1
2338,0,0
2339,0,0
2340,1,1
2341,0,0
2342,0,0
2343,1,1
2344,1,1
2345,0,0
2346,1,1
2347,1,1
2348,0,0
2349,1,1
2350,1,1
2351,0,0
2352,1,1
2353,1,1
2354,0,0
2355,0,0
2356,1,1
2357,1,1
2358,1,1
2359,1,1
2360,1,1
2361,0,0
2362,1,1
2363,0,0
2364,1,1
2365,1,1
2366,0,0
2367,1,1
2368,0,0
2369,1,1
2370,0,0
2371,0,0
2372,0,0
2373,1,1
2374,0,0
2375,1,1
2376,0,0
2377,0,0
2378,0,0
2379,1,1
2380,1,1
2381,1,1
2382,0,0
2383,0,0
2384,1,1
2385,0,0
2386,0,0
2387,0,0
2388,0,0
2389,0,0
2390,1,1
2391,0,0
2392,1,0
2393,1,1
2394,1,1
2395,1,1
2396,1,1
2397,0,0
2398,1,1
2399,0,0
2400,1,0
2401,1,1
2402,1,1
2403,0,0
2404,1,1
2405,1,1
2406,1,1
2407,1,1
2408,1,1
2409,1,1
2410,0,0
2411,1,1
2412,1,1
2413,1,1
2414,1,1
2415,1,1
2416,1,1
2417,0,0
2418,0,0
2419,0,0
2420,1,1
2421,1,1
2422,0,0
2423,1,1
2424,1,0
2425,0,0
2426,1,1
2427,0,0
2428,0,1
2429,1,1
2430,0,0
2431,0,0
2432,0,0
2433,0,0
2434,0,0
2435,1,1
2436,1,1
2437,1,1
2438,1,1
2439,0,0
2440,0,0
2441,1,1
2442,0,0
2443,1,1
2444,1,1
2445,0,0
2446,1,1
2447,1,1
2448,1,1
2449,0,0
2450,0,0
2451,1,1
2452,0,0
2453,1,1
2454,1,1
2455,0,0
2456,0,0
2457,0,0
2458,1,1
2459,0,0
2460,1,1
2461,1,1
2462,1,1
2463,0,0
2464,0,0
2465,0,0
2466,1,1
2467,1,1
2468,0,0
2469,1,1
2470,0,0
2471,1,1
2472,0,0
2473,1,1
2474,0,0
2475,0,0
2476,0,0
2477,1,1
2478,0,0
2479,1,1
2480,0,0
2481,1,1
2482,0,0
2483,1,1
2484,1,1
2485,0,0
2486,1,1
2487,0,0
2488,1,1
2489,1,1
2490,1,1
2491,0,0
2492,0,0
2493,1,1
2494,0,0
2495,1,1
2496,0,0
2497,1,0
2498,1,1
2499,1,1
2500,0,0
2501,1,1
2502,1,1
2503,1,1
2504,1,1
2505,1,0
2506,1,1
2507,1,1
2508,1,1
2509,0,0
2510,1,1
2511,0,0
2512,1,1
2513,0,0
2514,1,1
2515,1,1
2516,0,0
2517,1,1
2518,0,0
2519,1,1
2520,0,0
2521,1,1
2522,0,0
2523,0,0
2524,1,1
2525,1,1
2526,0,0
2527,1,1
2528,1,1
2529,0,0
2530,0,0
2531,0,0
2532,0,0
2533,0,0
2534,0,0
2535,1,1
2536,0,0
2537,0,0
2538,0,0
2539,0,0
2540,0,0
2541,1,1
2542,1,1
2543,0,0
2544,0,0
2545,0,0
2546,0,0
2547,0,0
2548,0,0
2549,0,0
2550,1,1
2551,1,1
2552,1,1
2553,1,1
2554,0,0
2555,1,1
2556,0,0
2557,0,0
2558,1,1
2559,0,0
2560,1,1
2561,0,0
2562,0,0
2563,1,1
2564,1,1
2565,0,0
2566,0,0
2567,1,1
2568,1,1
2569,0,0
2570,1,1
2571,1,1
2572,1,1
2573,0,0
2574,0,0
2575,0,0
2576,0,0
2577,0,0
2578,1,1
2579,1,1
2580,0,0
2581,1,1
2582,1,1
2583,1,1
2584,0,0
2585,0,0
2586,0,0
2587,1,1
2588,0,0
2589,0,0
2590,1,1
2591,1,1
2592,1,1
2593,0,0
2594,0,1
2595,0,0
2596,1,1
2597,0,0
2598,0,0
2599,1,1
2600,1,1
2601,1,1
2602,0,0
2603,0,0
2604,0,0
2605,0,0
2606,0,0
2607,0,0
2608,1,1
2609,1,1
2610,1,1
2611,0,0
2612,0,0
2613,1,1
2614,0,0
2615,0,0
2616,1,1
2617,0,0
2618,1,1
2619,1,1
2620,0,0
2621,1,1
2622,1,1
2623,1,1
2624,0,0
2625,1,1
2626,0,0
2627,1,1
2628,0,0
2629,1,1
2630,0,0
2631,1,1
2632,1,1
2633,1,1
2634,0,0
2635,1,1
2636,1,1
2637,0,0
2638,1,1
2639,0,0
2640,0,0
2641,1,1
2642,0,0
2643,0,0
2644,0,0
2645,0,0
2646,1,1
2647,0,0
2648,0,0
2649,0,0
2650,0,0
2651,1,1
2652,0,0
2653,1,1
2654,1,1
2655,1,1
2656,1,1
2657,0,0
2658,1,1
2659,1,1
2660,1,1
2661,1,1
2662,0,0
2663,0,0
2664,0,0
2665,1,1
2666,0,0
2667,0,0
2668,0,0
2669,0,0
2670,1,1
2671,0,0
2672,0,0
2673,1,1
2674,0,0
2675,0,0
2676,0,0
2677,1,1
2678,0,0
2679,1,1
2680,0,0
2681,0,0
2682,0,0
2683,1,1
2684,0,0
2685,1,1
2686,0,0
2687,0,0
2688,1,1
2689,1,1
2690,1,1
2691,1,1
2692,1,1
2693,1,1
2694,1,1
2695,1,1
2696,0,0
2697,1,1
2698,1,1
2699,1,1
2700,0,0
2701,0,0
2702,1,1
2703,1,0
2704,1,1
2705,0,0
2706,1,1
2707,0,0
2708,0,0
2709,1,1
2710,0,0
2711,1,1
2712,0,0
2713,1,1
2714,0,0
2715,1,1
2716,1,0
2717,0,0
2718,1,1
2719,1,1
2720,1,1
2721,0,0
2722,1,1
2723,1,1
2724,0,0
2725,1,1
2726,0,0
2727,1,0
2728,1,1
2729,1,1
2730,0,0
2731,0,0
2732,1,1
2733,0,0
2734,1,1
2735,1,1
2736,1,1
2737,1,1
2738,0,0
2739,0,0
2740,1,1
2741,0,0
2742,0,0
2743,0,0
2744,1,1
2745,1,1
2746,1,1
2747,1,1
2748,0,0
2749,0,0
2750,0,0
2751,1,1
2752,0,0
2753,0,0
2754,0,0
2755,1,1
2756,1,1
2757,1,1
2758,0,0
2759,1,1
2760,1,1
2761,1,1
2762,1,1
2763,1,1
2764,0,0
2765,1,1
2766,1,1
2767,1,1
2768,0,0
2769,0,0
2770,0,0
2771,1,1
2772,1,1
2773,1,1
2774,1,1
2775,0,0
2776,1,1
2777,0,1
2778,1,1
2779,1,1
2780,1,1
2781,0,0
2782,0,0
2783,1,1
2784,1,1
2785,1,1
2786,0,0
2787,1,1
2788,1,1
2789,0,0
2790,0,1
2791,1,1
2792,0,0
2793,1,1
2794,1,1
2795,1,1
2796,1,0
2797,1,1
2798,1,1
2799,1,1
2800,0,0
2801,0,0
2802,0,0
2803,0,0
2804,1,1
2805,1,1
2806,1,1
2807,1,1
2808,0,0
2809,1,1
2810,0,0
2811,0,0
2812,0,0
2813,0,0
2814,1,1
2815,0,0
2816,0,0
2817,0,0
2818,1,1
2819,1,1
2820,1,1
2821,0,0
2822,0,0
2823,0,0
2824,0,0
2825,0,0
2826,0,0
2827,1,1
2828,0,0
2829,0,0
2830,0,0
2831,1,1
2832,1,1
2833,0,0
2834,0,0
2835,0,0
2836,1,1
2837,0,0
2838,1,1
2839,0,0
2840,0,0
2841,0,0
2842,1,1
2843,1,0
2844,1,1
2845,1,1
2846,0,0
2847,1,1
2848,0,0
2849,1,1
2850,0,0
2851,0,0
2852,1,1
2853,1,1
2854,1,1
2855,1,1
2856,1,1
2857,0,0
2858,0,0
2859,1,1
2860,1,1
2861,1,1
2862,1,1
2863,0,0
2864,1,1
2865,1,1
2866,0,0
2867,0,0
2868,1,1
2869,1,1
2870,1,1
2871,0,0
2872,0,0
2873,1,1
2874,1,1
2875,1,1
2876,0,0
2877,0,0
2878,0,0
2879,0,0
2880,0,0
2881,1,1
2882,0,0
2883,0,0
2884,1,1
2885,0,0
2886,0,0
2887,1,1
2888,1,1
2889,1,1
2890,0,0
2891,1,1
2892,0,0
2893,1,1
2894,1,1
2895,0,0
2896,1,1
2897,1,1
2898,0,0
2899,1,0
2900,1,1
2901,1,1
2902,0,0
2903,0,0
2904,1,1
2905,0,0
2906,0,0
2907,0,0
2908,1,1
2909,1,1
2910,1,1
2911,0,0
2912,1,1
2913,1,1
2914,0,0
2915,1,1
2916,0,0
2917,1,0
2918,1,1
2919,0,0
2920,0,0
2921,0,0
2922,0,0
2923,0,0
2924,0,0
2925,1,1
2926,0,0
2927,0,0
2928,1,1
2929,1,1
2930,0,0
2931,0,0
2932,0,0
2933,0,0
2934,0,0
2935,1,1
2936,0,0
2937,1,1
2938,1,1
2939,1,1
2940,0,0
2941,1,1
2942,1,1
2943,0,0
2944,1,1
2945,1,1
2946,0,0
2947,1,1
2948,1,1
2949,0,0
2950,0,0
2951,0,0
2952,0,0
2953,0,0
2954,1,1
2955,0,0
2956,0,0
2957,1,0
2958,1,1
2959,0,0
2960,0,0
2961,0,0
2962,1,1
2963,0,0
2964,1,1
2965,0,0
2966,0,0
2967,1,1
2968,1,1
2969,1,1
2970,1,1
2971,1,1
2972,1,1
2973,0,0
2974,0,0
2975,1,1
2976,0,0
2977,1,1
2978,0,0
2979,0,0
2980,0,0
2981,1,1
2982,1,1
2983,1,1
2984,1,1
2985,1,1
2986,0,0
2987,0,0
2988,0,0
2989,0,0
2990,0,0
2991,1,1
2992,0,0
2993,1,1
2994,0,0
2995,0,1
2996,1,1
2997,0,0
2998,0,0
2999,1,1
3000,1,1
3001,1,1
3002,0,0
3003,0,0
3004,1,1
3005,1,1
3006,1,1
3007,1,1
3008,0,0
3009,1,0
3010,0,0
3011,0,0
3012,0,0
3013,0,1
3014,1,1
3015,1,0
3016,0,0
3017,1,1
3018,1,1
3019,0,0
3020,1,1
3021,1,1
3022,1,1
3023,1,1
3024,1,1
3025,1,1
3026,1,1
3027,0,0
3028,1,1
3029,0,0
3030,0,0
3031,1,1
3032,1,1
3033,1,1
3034,1,1
3035,1,1
3036,1,1
3037,1,1
3038,1,1
3039,0,0
3040,0,0
3041,1,1
3042,0,0
3043,0,0
3044,1,1
3045,0,0
3046,0,0
3047,0,0
3048,0,0
3049,0,0
3050,1,1
3051,0,0
3052,1,1
3053,1,1
3054,0,0
3055,0,0
3056,0,0
3057,1,1
3058,0,0
3059,0,0
3060,1,1
3061,0,0
3062,0,0
3063,0,0
3064,0,0
3065,0,0
3066,0,0
3067,0,0
3068,1,1
3069,0,0
3070,1,1
3071,0,0
3072,1,1
3073,0,0
3074,1,1
3075,1,1
3076,1,1
3077,0,0
3078,0,0
3079,1,1
3080,1,1
3081,1,1
3082,1,1
3083,1,1
3084,0,0
3085,0,0
3086,0,0
3087,1,1
3088,1,1
3089,0,0
3090,0,0
3091,1,1
3092,0,0
3093,0,0
3094,1,1
3095,1,1
3096,0,0
3097,1,1
3098,0,0
3099,1,1
3100,1,1
3101,0,0
3102,0,0
3103,1,1
3104,1,1
3105,0,0
3106,0,0
3107,1,1
3108,0,0
3109,0,0
3110,0,0
3111,0,0
3112,1,1
3113,1,1
3114,0,0
3115,1,1
3116,0,0
3117,0,0
3118,0,0
3119,1,1
3120,0,0
3121,1,1
3122,0,0
3123,0,0
3124,1,1
3125,0,0
3126,1,1
3127,0,0
3128,0,0
3129,1,1
3130,0,0
3131,1,1
3132,0,0
3133,0,0
3134,0,0
3135,0,0
3136,1,1
3137,0,0
3138,0,0
3139,0,0
3140,1,1
3141,1,1
3142,0,0
3143,0,0
3144,1,1
3145,1,1
3146,0,0
3147,1,1
3148,0,0
3149,0,0
3150,1,1
3151,1,1
3152,1,1
3153,0,0
3154,1,1
3155,0,0
3156,0,0
3157,1,1
3158,0,0
3159,1,1
3160,1,1
3161,0,0
3162,1,1
3163,0,0
3164,0,0
3165,0,0
3166,0,0
3167,0,0
3168,1,1
3169,1,1
3170,0,0
3171,0,0
3172,0,0
3173,1,1
3174,1,1
3175,0,0
3176,0,0
3177,1,1
3178,1,1
3179,0,0
3180,0,0
3181,1,1
3182,1,1
3183,0,0
3184,0,0
3185,0,0
3186,1,1
3187,1,1
3188,1,1
3189,0,0
3190,0,0
3191,0,0
3192,1,1
3193,1,1
3194,0,0
3195,0,0
3196,0,0
3197,0,0
3198,1,1
3199,1,1
3200,0,0
3201,1,1
3202,1,1
3203,0,0
3204,1,1
3205,1,1
3206,1,1
3207,0,0
3208,0,0
3209,1,1
3210,1,1
3211,1,1
3212,1,1
3213,1,1
3214,1,1
3215,0,0
3216,1,1
3217,0,0
3218,1,1
3219,0,0
3220,0,0
3221,0,0
3222,0,0
3223,0,0
3224,0,0
3225,1,1
3226,0,0
3227,1,1
3228,0,0
3229,0,0
3230,0,0
3231,1,1
3232,1,1
3233,1,1
3234,1,1
3235,1,1
3236,0,0
3237,1,1
3238,1,1
3239,1,1
3240,0,0
3241,1,1
3242,1,1
3243,1,1
3244,0,0
3245,0,0
3246,1,1
3247,1,1
3248,0,0
3249,0,0
3250,1,1
3251,1,1
3252,0,0
3253,1,1
3254,1,1
3255,1,1
3256,1,1
3257,1,1
3258,0,0
3259,1,1
3260,1,1
3261,0,0
3262,1,1
3263,0,0
3264,0,0
3265,0,0
3266,0,0
3267,1,1
3268,1,1
3269,1,1
3270,1,1
3271,0,0
3272,1,1
3273,1,1
3274,0,0
3275,0,0
3276,0,0
3277,0,0
3278,0,0
3279,0,0
3280,1,1
3281,0,0
3282,1,1
3283,1,1
3284,1,1
3285,0,0
3286,0,0
3287,1,1
3288,0,0
3289,0,0
3290,1,1
3291,1,1
3292,0,0
3293,0,1
3294,1,1
3295,0,0
3296,1,1
3297,1,1
3298,0,0
3299,0,0
3300,1,1
3301,1,1
3302,1,1
3303,1,1
3304,1,1
3305,0,0
3306,0,0
3307,0,0
3308,1,1
3309,1,1
3310,1,1
3311,1,1
3312,0,0
3313,1,1
3314,0,0
3315,1,1
3316,0,0
3317,1,1
3318,0,0
3319,0,0
3320,1,1
3321,0,0
3322,0,0
3323,0,0
3324,1,0
3325,1,1
3326,1,1
3327,1,1
3328,1,1
3329,0,0
3330,0,1
3331,1,1
3332,1,1
3333,0,0
3334,0,0
3335,0,0
3336,0,0
3337,0,0
3338,0,0
3339,1,1
3340,0,0
3341,0,0
3342,1,1
3343,0,0
3344,1,1
3345,1,1
3346,0,0
3347,1,1
3348,0,0
3349,0,1
3350,0,0
3351,0,0
3352,1,1
3353,1,1
3354,1,1
3355,0,0
3356,0,0
3357,0,0
3358,0,0
3359,0,1
3360,1,1
3361,0,0
3362,1,1
3363,0,0
3364,1,1
3365,1,1
3366,1,0
3367,1,1
3368,0,0
3369,0,0
3370,1,1
3371,1,1
3372,1,1
3373,1,1
3374,1,1
3375,0,0
3376,0,0
3377,1,1
3378,1,1
3379,0,0
3380,1,1
3381,1,1
3382,1,1
3383,0,0
3384,1,1
3385,1,1
3386,0,0
3387,0,0
3388,0,0
3389,1,1
3390,1,1
3391,1,1
3392,0,0
3393,1,1
3394,0,0
3395,1,1
3396,1,1
3397,0,0
3398,1,1
3399,1,1
3400,0,0
3401,1,1
3402,0,0
3403,0,0
3404,0,0
3405,0,0
3406,1,1
3407,0,0
3408,1,1
3409,1,1
3410,1,1
3411,0,0
3412,0,0
3413,0,0
3414,0,0
3415,0,0
3416,0,0
3417,0,0
3418,0,0
3419,0,0
3420,1,1
3421,0,0
3422,1,1
3423,1,1
3424,0,0
3425,0,0
3426,0,0
3427,0,0
3428,1,1
3429,0,0
3430,1,1
3431,1,1
3432,1,1
3433,1,1
3434,1,1
3435,0,0
3436,1,1
3437,1,1
3438,0,0
3439,0,0
3440,1,1
3441,1,1
3442,0,0
3443,0,0
3444,1,1
3445,1,1
3446,0,0
3447,0,0
3448,1,1
3449,1,1
3450,0,0
3451,0,0
3452,0,0
3453,1,1
3454,0,0
3455,1,1
3456,1,1
3457,1,1
3458,0,0
3459,1,1
3460,1,1
3461,0,0
3462,1,0
3463,1,1
3464,0,0
3465,1,1
3466,1,1
3467,0,0
3468,1,1
3469,1,1
3470,1,1
3471,0,0
3472,1,1
3473,1,1
3474,0,0
3475,1,1
3476,0,0
3477,1,1
3478,0,0
3479,0,0
3480,0,0
3481,0,0
3482,0,1
3483,1,1
3484,0,0
3485,1,1
3486,1,1
3487,0,0
3488,1,1
3489,0,0
3490,0,0
3491,1,1
3492,0,0
3493,0,0
3494,0,0
3495,1,1
3496,1,1
3497,0,0
3498,0,1
3499,0,0
3500,0,0
3501,0,0
3502,1,1
3503,0,0
3504,0,0
3505,1,1
3506,0,0
3507,0,0
3508,0,0
3509,0,0
3510,1,1
3511,1,1
3512,1,1
3513,0,0
3514,1,1
3515,0,0
3516,1,1
3517,1,1
3518,1,1
3519,1,1
3520,0,0
3521,1,1
3522,1,1
3523,1,1
3524,0,0
3525,0,0
3526,0,0
3527,0,0
3528,1,0
3529,1,1
3530,0,0
3531,1,1
3532,0,0
3533,1,1
3534,0,0
3535,0,0
3536,1,0
3537,1,1
3538,0,0
3539,0,0
3540,0,0
3541,0,0
3542,1,1
3543,1,1
3544,0,0
3545,1,1
3546,1,1
3547,1,1
3548,0,0
3549,1,1
3550,1,1
3551,0,0
3552,1,1
3553,1,1
3554,1,1
3555,0,0
3556,1,1
3557,0,0
3558,1,1
3559,0,0
3560,1,1
3561,0,0
3562,0,0
3563,1,1
3564,1,1
3565,0,0
3566,0,0
3567,1,1
3568,0,0
3569,0,0
3570,0,0
3571,0,0
3572,1,1
3573,0,0
3574,0,1
3575,0,0
3576,1,1
3577,0,0
3578,0,0
3579,0,0
3580,0,0
3581,1,1
3582,1,1
3583,1,1
3584,0,0
3585,1,1
3586,0,0
3587,1,0
3588,1,1
3589,1,1
3590,0,0
3591,0,0
3592,1,1
3593,0,0
3594,1,1
3595,1,1
3596,1,1
3597,0,0
3598,1,1
3599,1,1
3600,0,0
3601,1,1
3602,0,0
3603,0,0
3604,0,0
3605,0,0
3606,1,1
3607,0,0
3608,0,0
3609,0,0
3610,0,1
3611,1,1
3612,0,0
3613,0,0
3614,0,0
3615,1,1
3616,0,0
3617,1,1
3618,0,0
3619,0,0
3620,1,1
3621,0,0
3622,1,1
3623,1,1
3624,1,1
3625,1,1
3626,1,1
3627,1,1
3628,1,1
3629,1,1
3630,1,1
3631,1,1
3632,0,0
3633,0,0
3634,0,0
3635,0,0
3636,1,0
3637,1,1
3638,1,1
3639,0,0
3640,1,1
3641,1,1
3642,0,0
3643,0,0
3644,0,0
3645,1,1
3646,1,1
3647,0,0
3648,1,1
3649,1,1
3650,1,1
3651,0,0
3652,1,1
3653,0,0
3654,1,1
3655,0,0
3656,0,0
3657,0,0
3658,0,0
3659,1,1
3660,0,0
3661,0,0
3662,0,0
3663,0,0
3664,0,0
3665,1,1
3666,0,0
3667,0,0
3668,1,1
3669,0,0
3670,0,0
3671,1,1
3672,0,0
3673,1,1
3674,0,0
3675,1,1
3676,1,1
3677,1,0
3678,0,0
3679,1,1
3680,0,0
3681,1,1
3682,1,1
3683,1,1
3684,1,1
3685,0,0
3686,0,0
3687,0,0
3688,0,0
3689,0,0
3690,1,1
3691,0,0
3692,1,1
3693,0,0
3694,1,1
3695,1,1
3696,0,0
3697,1,1
3698,1,1
3699,0,0
3700,0,0
3701,0,0
3702,0,0
3703,1,1
3704,0,0
3705,1,1
3706,1,1
3707,0,0
3708,0,0
3709,0,0
3710,0,0
3711,0,0
3712,0,0
3713,0,0
3714,0,0
3715,1,1
3716,0,0
3717,1,1
3718,0,0
3719,0,0
3720,0,0
3721,1,1
3722,0,0
3723,1,1
3724,0,0
3725,1,1
3726,0,0
3727,1,1
3728,1,1
3729,1,1
3730,1,1
3731,0,0
3732,0,0
3733,0,0
3734,0,0
3735,0,0
3736,1,1
3737,1,1
3738,0,0
3739,1,1
3740,1,1
3741,1,1
3742,1,1
3743,1,1
3744,1,1
3745,1,1
3746,1,1
3747,0,0
3748,1,1
3749,1,1
3750,1,1
3751,0,1
3752,1,1
3753,1,1
3754,0,0
3755,1,1
3756,1,1
3757,0,0
3758,0,0
3759,0,0
3760,1,1
3761,1,1
3762,1,1
3763,0,0
3764,1,1
3765,1,1
3766,0,0
3767,0,0
3768,0,0
3769,1,1
3770,1,1
3771,0,0
3772,1,1
3773,0,1
3774,0,0
3775,0,0
3776,1,1
3777,0,0
3778,1,1
3779,1,1
3780,0,0
3781,1,1
3782,1,1
3783,1,1
3784,0,0
3785,1,1
3786,0,0
3787,0,0
3788,1,1
3789,0,0
3790,0,0
3791,0,0
3792,1,1
3793,1,1
3794,1,1
3795,0,0
3796,1,1
3797,0,0
3798,1,1
3799,1,1
3800,0,0
3801,0,0
3802,1,1
3803,0,0
3804,1,1
3805,0,0
3806,1,1
3807,1,1
3808,0,0
3809,0,0
3810,0,0
3811,0,0
3812,0,0
3813,1,1
3814,1,1
3815,1,1
3816,1,1
3817,1,1
3818,0,0
3819,1,1
3820,0,0
3821,1,1
3822,0,0
3823,0,0
3824,0,0
3825,0,0
3826,0,0
3827,0,0
3828,0,0
3829,1,1
3830,0,0
3831,0,0
3832,1,1
3833,1,1
3834,1,1
3835,0,0
3836,0,0
3837,1,1
3838,1,1
3839,1,1
3840,0,0
3841,0,0
3842,1,1
3843,0,0
3844,1,1
3845,1,1
3846,0,0
3847,1,1
3848,1,1
3849,0,0
3850,0,0
3851,1,1
3852,1,1
3853,0,0
3854,0,0
3855,1,1
3856,0,0
3857,1,1
3858,1,1
3859,1,1
3860,1,1
3861,1,1
3862,1,1
3863,0,0
3864,0,0
3865,1,1
3866,1,1
3867,0,0
3868,0,0
3869,0,0
3870,0,0
3871,1,1
3872,0,0
3873,0,0
3874,0,0
3875,0,0
3876,0,0
3877,1,1
3878,1,1
3879,1,1
3880,1,1
3881,0,0
3882,0,0
3883,0,0
3884,1,1
3885,1,1
3886,0,0
3887,1,1
3888,0,0
3889,1,1
3890,1,1
3891,0,0
3892,0,0
3893,0,0
3894,0,0
3895,0,0
3896,0,0
3897,0,0
3898,1,1
3899,1,1
3900,1,1
3901,1,1
3902,0,0
3903,0,0
3904,1,1
3905,1,1
3906,0,0
3907,0,0
3908,1,1
3909,0,0
3910,0,0
3911,1,1
3912,0,0
3913,0,0
3914,1,1
3915,0,0
3916,1,1
3917,1,1
3918,1,1
3919,0,0
3920,1,1
3921,0,0
3922,0,0
3923,0,0
3924,0,0
3925,1,1
3926,0,0
3927,0,0
3928,1,1
3929,1,1
3930,0,0
3931,0,0
3932,1,1
3933,1,1
3934,0,0
3935,1,1
3936,0,0
3937,1,1
3938,1,0
3939,0,0
3940,0,0
3941,1,1
3942,0,0
3943,0,0
3944,0,0
3945,1,1
3946,0,0
3947,1,1
3948,0,0
3949,1,1
3950,0,0
3951,0,0
3952,0,0
3953,0,0
3954,0,0
3955,0,0
3956,0,0
3957,0,0
3958,1,1
3959,0,0
3960,0,0
3961,1,1
3962,0,0
3963,0,0
3964,0,0
3965,0,0
3966,0,0
3967,0,0
3968,0,0
3969,1,0
3970,0,0
3971,0,0
3972,1,1
3973,1,1
3974,1,1
3975,1,1
3976,1,1
3977,0,0
3978,0,0
3979,0,0
3980,1,1
3981,1,1
3982,1,1
3983,0,0
3984,0,0
3985,0,0
3986,1,1
3987,1,1
3988,1,1
3989,0,0
3990,0,0
3991,0,0
3992,1,1
3993,1,1
3994,1,1
3995,1,1
3996,1,1
3997,0,0
3998,1,1
3999,1,1
4000,0,0
4001,1,1
4002,1,1
4003,0,0
4004,0,0
4005,0,0
4006,1,1
4007,1,1
4008,0,0
4009,0,0
4010,1,1
4011,0,0
4012,1,1
4013,1,1
4014,0,0
4015,1,1
4016,0,0
4017,1,1
4018,1,1
4019,0,0
4020,0,0
4021,0,0
4022,0,0
4023,0,0
4024,1,1
4025,1,1
4026,0,0
4027,1,1
4028,1,1
4029,0,0
4030,0,0
4031,0,0
4032,0,0
4033,1,1
4034,0,0
4035,0,0
4036,0,0
4037,1,1
4038,0,0
4039,1,1
4040,0,0
4041,1,1
4042,0,0
4043,1,1
4044,0,0
4045,1,1
4046,0,0
4047,1,1
4048,1,1
4049,0,0
4050,0,0
4051,1,1
4052,0,0
4053,1,1
4054,1,0
4055,0,0
4056,0,0
4057,0,0
4058,0,0
4059,1,1
4060,1,1
4061,1,1
4062,0,0
4063,0,0
4064,0,0
4065,1,1
4066,0,0
4067,0,0
4068,1,1
4069,0,0
4070,0,0
4071,0,0
4072,0,0
4073,0,0
4074,0,0
4075,0,0
4076,1,1
4077,1,1
4078,1,1
4079,1,1
4080,0,0
4081,1,1
4082,0,1
4083,0,0
4084,0,0
4085,1,1
4086,0,0
4087,0,0
4088,1,1
4089,1,1
4090,0,0
4091,0,0
4092,1,1
4093,1,1
4094,0,0
4095,0,0
4096,1,0
4097,0,0
4098,0,0
4099,1,1
4100,0,1
4101,0,0
4102,1,1
4103,1,1
4104,0,0
4105,0,0
4106,0,0
4107,1,1
4108,0,0
4109,0,0
4110,1,1
4111,1,1
4112,0,0
4113,1,1
4114,1,1
4115,0,0
4116,1,1
4117,0,0
4118,1,1
4119,0,0
4120,0,0
4121,0,0
4122,1,1
4123,1,1
4124,0,0
4125,0,0
4126,1,1
4127,0,0
4128,1,1
4129,1,1
4130,1,0
4131,0,0
4132,1,1
4133,0,0
4134,0,0
4135,0,0
4136,1,1
4137,0,0
4138,0,0
4139,1,1
4140,1,1
4141,0,0
4142,1,1
4143,1,1
4144,0,0
4145,1,1
4146,1,1
4147,0,0
4148,0,0
4149,0,0
4150,1,1
4151,1,1
4152,0,0
4153,1,1
4154,1,1
4155,0,0
4156,1,1
4157,1,1
4158,0,0
4159,1,1
4160,1,1
4161,1,1
4162,1,1
4163,1,1
4164,1,1
4165,1,1
4166,1,1
4167,1,1
4168,1,1
4169,0,0
4170,0,0
4171,1,1
4172,1,0
4173,1,1
4174,0,0
4175,0,0
4176,1,1
4177,1,1
4178,1,1
4179,1,1
4180,0,0
4181,1,1
4182,1,1
4183,0,0
4184,0,0
4185,1,1
4186,1,1
4187,1,1
4188,0,0
4189,1,1
4190,0,0
4191,0,0
4192,1,1
4193,1,1
4194,1,1
4195,1,1
4196,1,1
4197,1,1
4198,0,0
4199,1,1
4200,0,0
4201,1,1
4202,1,1
4203,0,0
4204,0,0
4205,1,1
4206,0,0
4207,1,0
4208,1,1
4209,1,1
4210,0,0
4211,1,1
4212,1,1
4213,1,1
4214,1,1
4215,1,1
4216,1,1
4217,0,0
4218,1,1
4219,1,1
4220,1,1
4221,1,1
4222,1,1
4223,1,1
4224,0,0
4225,1,1
4226,1,1
4227,0,0
4228,1,1
4229,0,0
4230,0,0
4231,0,0
4232,0,0
4233,1,1
4234,0,0
4235,1,1
4236,0,0
4237,0,1
4238,1,1
4239,1,1
4240,1,1
4241,0,0
4242,1,1
4243,0,0
4244,1,1
4245,0,0
4246,0,0
4247,0,0
4248,0,0
4249,0,0
4250,0,0
4251,0,0
4252,1,1
4253,1,1
4254,1,1
4255,0,0
4256,1,1
4257,1,1
4258,0,0
4259,1,1
4260,0,0
4261,1,1
4262,0,0
4263,0,0
4264,0,0
4265,0,0
4266,0,0
4267,1,1
4268,0,0
4269,1,1
4270,0,0
4271,1,0
4272,1,1
4273,0,0
4274,1,0
4275,1,1
4276,1,1
4277,0,0
4278,1,1
4279,0,0
4280,0,0
4281,1,1
4282,0,0
4283,0,0
4284,1,1
4285,0,0
4286,1,1
4287,0,0
4288,1,1
4289,0,0
4290,0,0
4291,1,1
4292,0,0
4293,0,0
4294,1,1
4295,0,0
4296,1,1
4297,1,1
4298,0,0
4299,1,1
4300,1,1
4301,1,1
4302,0,0
4303,0,0
4304,1,1
4305,0,0
4306,0,0
4307,0,0
4308,1,1
4309,1,1
4310,0,0
4311,0,0
4312,1,1
4313,1,1
4314,0,0
4315,0,1
4316,0,0
4317,1,1
4318,1,1
4319,0,0
4320,1,1
4321,0,0
4322,0,0
4323,0,0
4324,0,0
4325,1,1
4326,1,1
4327,0,0
4328,1,1
4329,1,0
4330,0,1
4331,1,1
4332,0,0
4333,1,1
4334,0,0
4335,1,1
4336,0,0
4337,1,1
4338,1,1
4339,0,0
4340,1,1
4341,0,0
4342,0,0
4343,1,1
4344,1,1
4345,0,0
4346,1,1
4347,1,1
4348,1,1
4349,0,0
4350,1,1
4351,0,0
4352,0,0
4353,0,0
4354,0,0
4355,1,1
4356,1,1
4357,0,0
4358,0,0
4359,0,0
4360,1,1
4361,1,1
4362,1,1
4363,0,0
4364,0,0
4365,1,1
4366,0,0
4367,0,0
4368,1,1
4369,1,1
4370,0,0
4371,1,1
4372,0,0
4373,0,0
4374,1,1
4375,1,1
4376,1,1
4377,1,1
4378,0,0
4379,0,0
4380,1,1
4381,1,1
4382,1,1
4383,1,1
4384,0,0
4385,1,1
4386,1,1
4387,0,0
4388,1,1
4389,1,1
4390,1,1
4391,1,1
4392,1,1
4393,0,0
4394,0,0
4395,1,1
4396,1,1
4397,0,0
4398,1,1
4399,1,1
4400,0,1
4401,1,1
4402,1,1
4403,1,1
4404,0,0
4405,0,0
4406,0,0
4407,0,0
4408,0,0
4409,0,0
4410,1,1
4411,1,1
4412,0,0
4413,0,0
4414,0,0
4415,1,1
4416,0,0
4417,1,1
4418,1,1
4419,0,0
4420,1,1
4421,0,0
4422,0,0
4423,0,0
4424,0,0
4425,0,0
4426,0,0
4427,0,0
4428,0,0
4429,1,1
4430,1,1
4431,0,0
4432,0,0
4433,1,0
4434,0,0
4435,0,0
4436,1,1
4437,1,0
4438,1,1
4439,0,0
4440,0,0
4441,1,1
4442,0,0
4443,0,0
4444,1,1
4445,1,1
4446,1,1
4447,0,0
4448,1,1
4449,0,0
4450,0,0
4451,1,1
4452,1,1
4453,1,1
4454,1,1
4455,0,0
4456,0,0
4457,1,1
4458,0,0
4459,0,0
4460,0,0
4461,1,1
4462,0,0
4463,0,0
4464,1,1
4465,0,0
4466,0,0
4467,0,0
4468,0,0
4469,0,0
4470,0,0
4471,1,1
4472,0,0
4473,1,1
4474,1,1
4475,0,0
4476,1,1
4477,0,0
4478,1,1
4479,0,0
4480,0,0
4481,1,1
4482,1,1
4483,0,0
4484,0,0
4485,0,0
4486,0,0
4487,0,0
4488,0,0
4489,1,1
4490,1,1
4491,0,0
4492,0,0
4493,0,0
4494,1,1
4495,0,0
4496,1,1
4497,1,1
4498,0,1
4499,1,1
4500,1,1
4501,0,0
4502,1,1
4503,1,1
4504,0,0
4505,1,1
4506,0,0
4507,0,0
4508,1,1
4509,0,0
4510,0,0
4511,0,0
4512,0,0
4513,0,0
4514,0,0
4515,1,1
4516,1,1
4517,1,1
4518,1,1
4519,0,0
4520,0,0
4521,0,0
4522,0,0
4523,0,0
4524,1,1
4525,0,0
4526,1,1
4527,1,1
4528,1,1
4529,1,1
4530,1,1
4531,1,1
4532,0,0
4533,1,1
4534,1,1
4535,0,0
4536,0,0
4537,1,1
4538,1,1
4539,1,1
4540,1,1
4541,1,1
4542,1,1
4543,1,0
4544,0,0
4545,0,0
4546,0,0
4547,1,1
4548,1,1
4549,0,0
4550,0,0
4551,1,1
4552,0,1
4553,0,0
4554,1,1
4555,0,0
4556,0,0
4557,1,1
4558,1,1
4559,0,0
4560,0,0
4561,1,1
4562,1,1
4563,0,0
4564,1,1
4565,0,0
4566,0,0
4567,0,0
4568,0,0
4569,0,0
4570,1,1
4571,1,1
4572,1,1
4573,1,1
4574,0,0
4575,1,1
4576,1,1
4577,1,1
4578,0,0
4579,1,1
4580,0,0
4581,1,1
4582,0,0
4583,0,0
4584,1,1
4585,1,1
4586,0,0
4587,0,0
4588,0,0
4589,1,1
4590,0,0
4591,0,0
4592,1,1
4593,0,0
4594,1,1
4595,1,1
4596,0,0
4597,1,1
4598,1,1
4599,1,1
4600,1,1
4601,1,1
4602,0,0
4603,0,0
4604,0,0
4605,0,0
4606,1,1
4607,1,1
4608,1,1
4609,0,0
4610,1,1
4611,1,1
4612,0,0
4613,0,0
4614,1,1
4615,1,1
4616,1,1
4617,0,0
4618,0,0
4619,0,0
4620,0,0
4621,0,0
4622,0,0
4623,0,0
4624,0,0
4625,1,1
4626,1,1
4627,1,1
4628,1,1
4629,1,1
4630,0,0
4631,0,0
4632,0,0
4633,0,1
4634,0,0
4635,0,0
4636,1,1
4637,0,0
4638,0,0
4639,1,1
4640,0,0
4641,1,1
4642,0,0
4643,1,1
4644,1,1
4645,1,1
4646,0,0
4647,1,1
4648,0,0
4649,0,0
4650,1,1
4651,0,0
4652,1,1
4653,1,1
4654,1,1
4655,0,0
4656,0,0
4657,0,0
4658,0,0
4659,1,1
4660,1,1
4661,1,1
4662,1,1
4663,0,0
4664,1,1
4665,0,0
4666,1,1
4667,0,0
4668,1,1
4669,0,0
4670,0,0
4671,1,1
4672,1,1
4673,1,1
4674,1,1
4675,0,0
4676,0,0
4677,0,0
4678,1,1
4679,1,1
4680,0,0
4681,1,1
4682,0,0
4683,0,0
4684,1,1
4685,1,1
4686,0,0
4687,1,1
4688,1,1
4689,1,1
4690,0,0
4691,0,0
4692,0,0
4693,1,1
4694,1,1
4695,0,0
4696,1,1
4697,0,0
4698,1,1
4699,0,0
4700,1,1
4701,1,1
4702,0,0
4703,1,1
4704,1,1
4705,1,1
4706,0,0
4707,0,0
4708,0,0
4709,0,0
4710,1,1
4711,0,0
4712,1,1
4713,0,0
4714,0,0
4715,0,0
4716,0,0
4717,1,1
4718,0,0
4719,1,1
4720,0,0
4721,1,1
4722,0,0
4723,1,1
4724,1,1
4725,0,0
4726,1,0
4727,1,1
4728,1,1
4729,1,1
4730,1,1
4731,1,1
4732,1,1
4733,0,0
4734,0,0
4735,1,1
4736,1,1
4737,0,0
4738,1,1
4739,1,1
4740,1,1
4741,1,1
4742,1,1
4743,0,0
4744,0,0
4745,1,1
4746,0,0
4747,1,1
4748,0,0
4749,0,0
4750,0,0
4751,0,0
4752,1,1
4753,1,1
4754,0,0
4755,0,0
4756,0,0
4757,0,0
4758,0,0
4759,0,0
4760,1,1
4761,0,0
4762,1,1
4763,0,0
4764,1,1
4765,1,1
4766,0,0
4767,1,1
4768,0,0
4769,0,0
4770,1,1
4771,1,0
4772,1,1
4773,1,1
4774,1,1
4775,1,1
4776,0,0
4777,0,1
4778,1,1
4779,0,0
4780,1,1
4781,0,0
4782,1,1
4783,0,0
4784,0,0
4785,1,1
4786,0,0
4787,1,1
4788,1,1
4789,0,0
4790,1,1
4791,0,0
4792,0,0
4793,1,1
4794,1,1
4795,1,1
4796,0,0
4797,1,1
4798,0,0
4799,0,0
4800,1,1
4801,1,1
4802,0,0
4803,1,1
4804,1,1
4805,1,1
4806,0,1
4807,1,1
4808,0,0
4809,1,1
4810,1,1
4811,0,0
4812,1,1
4813,1,1
4814,1,1
4815,0,0
4816,1,1
4817,1,1
4818,1,1
4819,1,1
4820,1,1
4821,1,1
4822,1,1
4823,0,1
4824,1,1
4825,1,1
4826,1,1
4827,1,1
4828,0,0
4829,1,1
4830,1,1
4831,1,1
4832,1,1
4833,1,1
4834,1,1
4835,1,1
4836,0,0
4837,1,1
4838,0,0
4839,0,0
4840,0,0
4841,1,1
4842,1,1
4843,0,0
4844,0,0
4845,1,1
4846,1,1
4847,1,1
4848,0,0
4849,0,0
4850,0,0
4851,1,1
4852,1,1
4853,1,1
4854,1,1
4855,1,1
4856,1,1
4857,0,0
4858,1,1
4859,0,0
4860,0,0
4861,1,1
4862,1,1
4863,1,1
4864,1,1
4865,1,1
4866,1,1
4867,1,1
4868,1,0
4869,0,0
4870,1,1
4871,1,1
4872,1,1
4873,1,1
4874,1,1
4875,1,1
4876,0,0
4877,1,1
4878,1,1
4879,1,1
4880,1,0
4881,1,1
4882,1,1
4883,1,1
4884,0,0
4885,0,0
4886,0,0
4887,0,0
4888,1,1
4889,1,1
4890,0,0
4891,0,0
4892,1,1
4893,0,0
4894,1,1
4895,0,0
4896,0,0
4897,0,0
4898,0,0
4899,0,0
4900,0,0
4901,0,0
4902,1,1
4903,0,0
4904,0,0
4905,0,0
4906,1,1
4907,1,1
4908,1,1
4909,1,1
4910,1,1
4911,0,0
4912,1,1
4913,0,0
4914,1,1
4915,0,0
4916,1,1
4917,0,1
4918,0,0
4919,0,0
4920,1,1
4921,0,0
4922,0,0
4923,1,1
4924,1,1
4925,0,0
4926,1,1
4927,1,1
4928,1,1
4929,1,1
4930,1,1
4931,1,1
4932,0,0
4933,1,1
4934,1,1
4935,0,0
4936,0,0
4937,0,0
4938,0,1
4939,0,0
4940,1,1
4941,1,1
4942,1,1
4943,0,0
4944,1,1
4945,1,1
4946,0,0
4947,0,1
4948,1,1
4949,1,1
4950,0,0
4951,1,1
4952,0,0
4953,1,1
4954,0,0
4955,0,0
4956,0,0
4957,0,0
4958,0,0
4959,1,1
4960,0,0
4961,0,0
4962,0,0
4963,0,0
4964,0,0
4965,0,0
4966,0,0
4967,0,0
4968,1,1
4969,1,1
4970,0,0
4971,0,0
4972,1,1
4973,1,1
4974,0,0
4975,0,0
4976,1,1
4977,0,0
4978,0,0
4979,1,1
4980,0,0
4981,0,0
4982,0,0
4983,0,0
4984,0,0
4985,0,0
4986,0,1
4987,0,0
4988,0,0
4989,0,0
4990,0,0
4991,1,1
4992,0,0
4993,1,1
4994,0,0
4995,1,1
4996,1,1
4997,0,0
4998,0,0
4999,0,0
5000,1,1
5001,1,1
5002,1,1
5003,1,1
5004,1,1
5005,1,1
5006,0,0
5007,0,0
5008,1,1
5009,0,0
5010,1,1
5011,1,1
5012,1,1
5013,0,0
5014,0,0
5015,1,1
5016,0,0
5017,0,0
5018,0,0
5019,0,0
5020,1,1
5021,0,0
5022,0,0
5023,0,0
5024,1,1
5025,0,0
5026,0,0
5027,0,0
5028,1,1
5029,0,0
5030,0,0
5031,0,0
5032,0,0
5033,0,0
5034,1,1
5035,0,0
5036,1,1
5037,0,0
5038,0,1
5039,1,1
5040,0,0
5041,1,1
5042,0,0
5043,0,0
5044,0,0
5045,0,0
5046,1,1
5047,1,1
5048,0,0
5049,1,1
5050,1,1
5051,0,0
5052,0,0
5053,1,1
5054,1,1
5055,0,0
5056,1,1
5057,1,1
5058,1,1
5059,1,1
5060,1,1
5061,0,0
5062,0,0
5063,0,0
5064,0,0
5065,1,1
5066,1,1
5067,0,0
5068,0,0
5069,1,1
5070,1,1
5071,0,0
5072,1,1
5073,0,0
5074,0,0
5075,1,1
5076,1,1
5077,0,0
5078,0,0
5079,0,0
5080,0,0
5081,1,1
5082,1,1
5083,1,1
5084,1,1
5085,1,1
5086,0,0
5087,1,1
5088,1,1
5089,0,0
5090,0,0
5091,1,1
5092,1,1
5093,1,0
5094,0,0
5095,1,1
5096,0,0
5097,1,1
5098,0,0
5099,1,1
5100,0,0
5101,0,0
5102,0,0
5103,1,1
5104,1,1
5105,0,0
5106,0,0
5107,1,1
5108,1,1
5109,0,0
5110,1,1
5111,0,0
5112,0,0
5113,1,1
5114,1,1
5115,0,0
5116,1,1
5117,1,1
5118,1,1
5119,0,0
5120,1,1
5121,0,0
5122,1,1
5123,0,0
5124,1,1
5125,1,1
5126,0,0
5127,0,0
5128,1,1
5129,0,0
5130,1,1
5131,1,1
5132,1,1
5133,1,1
5134,0,0
5135,0,0
5136,1,1
5137,1,1
5138,0,0
5139,0,0
5140,1,1
5141,1,1
5142,1,1
5143,0,0
5144,0,0
5145,1,1
5146,0,0
5147,1,1
5148,0,0
5149,0,0
5150,0,0
5151,1,1
5152,0,0
5153,0,0
5154,0,0
5155,1,1
5156,0,0
5157,0,0
5158,1,1
5159,1,1
5160,1,1
5161,1,1
5162,0,0
5163,1,1
5164,0,0
5165,1,1
5166,0,0
5167,0,0
5168,1,1
5169,0,0
5170,1,1
5171,0,0
5172,0,0
5173,1,1
5174,0,0
5175,1,1
5176,1,1
5177,0,0
5178,1,1
5179,1,1
5180,0,0
5181,0,0
5182,1,1
5183,0,0
5184,0,0
5185,1,1
5186,1,1
5187,0,0
5188,1,1
5189,1,1
5190,0,0
5191,0,0
5192,1,1
5193,0,0
5194,0,0
5195,1,1
5196,1,1
5197,1,1
5198,1,1
5199,0,0
5200,0,0
5201,1,1
5202,0,0
5203,1,1
5204,1,1
5205,0,0
5206,1,1
5207,0,0
5208,0,0
5209,1,1
5210,0,0
5211,0,0
5212,0,0
5213,0,0
5214,0,0
5215,1,1
5216,1,1
5217,0,0
5218,1,1
5219,1,1
5220,0,0
5221,1,1
5222,1,1
5223,1,1
5224,0,0
5225,1,1
5226,1,1
5227,0,0
5228,1,1
5229,1,1
5230,0,0
5231,0,0
5232,1,1
5233,1,1
5234,0,0
5235,1,1
5236,0,0
5237,1,1
5238,1,1
5239,0,0
5240,1,1
5241,1,1
5242,0,0
5243,1,1
5244,0,0
5245,0,0
5246,1,1
5247,1,1
5248,0,0
5249,0,0
5250,1,1
5251,0,0
5252,1,1
5253,0,0
5254,1,1
5255,1,1
5256,0,0
5257,1,1
5258,0,0
5259,1,1
5260,0,0
5261,0,0
5262,1,1
5263,0,0
5264,1,1
5265,1,1
5266,0,0
5267,0,0
5268,0,0
5269,0,0
5270,1,1
5271,0,0
5272,1,1
5273,1,1
5274,1,1
5275,1,1
5276,1,1
5277,1,1
5278,1,1
5279,1,1
5280,0,0
5281,1,1
5282,0,0
5283,1,1
5284,0,0
5285,1,1
5286,0,0
5287,0,0
5288,0,0
5289,0,0
5290,1,1
5291,1,1
5292,1,1
5293,0,0
5294,0,0
5295,1,1
5296,1,1
5297,0,0
5298,0,0
5299,1,1
5300,1,1
5301,1,1
5302,1,1
5303,0,0
5304,1,1
5305,0,0
5306,1,1
5307,0,0
5308,0,0
5309,1,1
5310,1,1
5311,1,1
5312,1,1
5313,0,0
5314,0,0
5315,0,0
5316,0,0
5317,1,1
5318,1,1
5319,0,0
5320,1,1
5321,0,0
5322,1,1
5323,0,0
5324,0,0
5325,0,0
5326,0,0
5327,1,1
5328,0,0
5329,1,1
5330,1,1
5331,1,1
5332,0,0
5333,0,0
5334,1,1
5335,1,1
5336,1,1
5337,0,0
5338,0,0
5339,1,1
5340,0,0
5341,1,1
5342,0,0
5343,1,1
5344,1,1
5345,0,0
5346,0,0
5347,0,0
5348,1,1
5349,1,1
5350,0,0
5351,0,0
5352,1,1
5353,1,1
5354,0,0
5355,1,1
5356,1,1
5357,1,1
5358,1,1
5359,1,1
5360,1,1
5361,1,1
5362,0,0
5363,1,1
5364,1,1
5365,1,1
5366,0,0
5367,0,0
5368,0,0
5369,1,1
5370,0,1
5371,1,1
5372,1,1
5373,0,0
5374,1,1
5375,1,1
5376,0,0
5377,1,1
5378,0,0
5379,0,0
5380,0,0
5381,0,0
5382,1,1
5383,1,1
5384,0,0
5385,1,1
5386,0,0
5387,1,1
5388,0,0
5389,0,0
5390,0,0
5391,0,0
5392,0,0
5393,0,0
5394,0,0
5395,1,1
5396,1,1
5397,1,1
5398,0,0
5399,0,0
5400,0,0
5401,1,1
5402,0,0
5403,0,0
5404,0,0
5405,0,0
5406,1,1
5407,0,0
5408,0,0
5409,0,0
5410,0,0
5411,0,1
5412,0,0
5413,1,1
5414,1,1
5415,1,1
5416,0,0
5417,1,1
5418,0,0
5419,0,0
5420,1,1
5421,1,1
5422,0,0
5423,0,0
5424,0,0
5425,0,0
5426,0,0
5427,0,0
5428,1,1
5429,0,0
5430,1,1
5431,1,1
5432,0,0
5433,1,1
5434,1,1
5435,0,0
5436,0,0
5437,0,0
5438,1,1
5439,0,0
5440,1,1
5441,1,1
5442,0,0
5443,0,0
5444,0,0
5445,1,1
5446,1,1
5447,1,1
5448,1,1
5449,1,1
5450,1,1
5451,0,0
5452,1,1
5453,1,1
5454,1,1
5455,0,0
5456,0,0
5457,1,1
5458,1,1
5459,1,1
5460,0,0
5461,1,1
5462,1,1
5463,1,1
5464,1,1
5465,1,1
5466,1,1
5467,0,0
5468,0,0
5469,1,1
5470,0,0
5471,0,0
5472,0,0
5473,1,1
5474,0,0
5475,0,0
5476,0,0
5477,0,0
5478,1,1
5479,1,1
5480,1,1
5481,1,1
5482,1,1
5483,0,0
5484,1,1
5485,1,1
5486,1,1
5487,1,1
5488,0,0
5489,1,1
5490,0,0
5491,1,1
5492,1,1
5493,0,0
5494,0,0
5495,0,0
5496,0,0
5497,0,0
5498,0,0
5499,1,1
5500,0,0
5501,1,1
5502,1,1
5503,1,1
5504,1,1
5505,1,1
5506,0,0
5507,0,0
5508,0,0
5509,0,0
5510,0,0
5511,0,0
5512,0,0
5513,0,0
5514,1,1
5515,1,1
5516,0,0
5517,1,0
5518,0,0
5519,0,0
5520,0,0
5521,0,0
5522,1,1
5523,1,1
5524,1,1
5525,1,1
5526,1,1
5527,1,1
5528,0,0
5529,1,1
5530,0,0
5531,0,0
5532,0,0
5533,0,0
5534,1,1
5535,1,1
5536,1,1
5537,1,1
5538,0,0
5539,1,1
5540,0,0
5541,1,1
5542,1,1
5543,0,0
5544,1,1
5545,1,1
5546,1,1
5547,0,0
5548,0,0
5549,0,0
5550,0,0
5551,0,0
5552,1,1
5553,0,0
5554,0,0
5555,0,0
5556,1,1
5557,1,1
5558,0,0
5559,0,0
5560,1,1
5561,0,0
5562,1,1
5563,1,1
5564,0,0
5565,0,0
5566,0,0
5567,1,1
5568,0,0
5569,1,1
5570,0,0
5571,0,0
5572,1,1
5573,0,0
5574,1,1
5575,0,0
5576,0,0
5577,0,0
5578,1,1
5579,0,0
5580,0,0
5581,1,1
5582,0,0
5583,0,0
5584,0,0
5585,0,1
5586,1,1
5587,1,1
5588,0,0
5589,0,0
5590,0,0
5591,1,1
5592,1,1
5593,0,1
5594,1,1
5595,1,1
5596,1,1
5597,0,0
5598,1,1
5599,1,1
5600,1,1
5601,0,0
5602,1,1
5603,1,1
5604,0,0
5605,0,0
5606,0,0
5607,1,1
5608,1,1
5609,1,1
5610,0,0
5611,1,1
5612,0,0
5613,0,0
5614,0,0
5615,0,0
5616,1,1
5617,1,1
5618,1,1
5619,1,1
5620,1,1
5621,0,0
5622,1,1
5623,0,0
5624,1,1
5625,1,1
5626,1,0
5627,0,0
5628,0,0
5629,1,1
5630,0,0
5631,0,0
5632,0,0
5633,0,0
5634,1,1
5635,0,0
5636,1,1
5637,1,1
5638,1,1
5639,1,1
5640,0,0
5641,1,1
5642,1,1
5643,0,0
5644,0,1
5645,0,0
5646,0,0
5647,0,0
5648,1,1
5649,1,1
5650,0,0
5651,0,0
5652,0,0
5653,1,1
5654,0,0
5655,1,1
5656,1,1
5657,0,0
5658,0,0
5659,0,0
5660,1,1
5661,1,1
5662,0,0
5663,0,0
5664,1,1
5665,1,1
5666,1,1
5667,1,0
5668,0,0
5669,0,0
5670,1,1
5671,0,0
5672,0,0
5673,0,0
5674,1,1
5675,1,1
5676,0,0
5677,1,1
5678,0,0
5679,0,0
5680,0,0
5681,1,1
5682,1,1
5683,1,1
5684,0,0
5685,1,1
5686,1,1
5687,0,0
5688,0,0
5689,1,1
5690,1,1
5691,1,1
5692,0,0
5693,0,0
5694,1,1
5695,0,0
5696,1,1
5697,1,1
5698,1,0
5699,0,0
5700,0,0
5701,0,0
5702,1,1
5703,0,0
5704,0,1
5705,1,1
5706,0,0
5707,0,0
5708,1,1
5709,1,1
5710,1,1
5711,0,0
5712,0,0
5713,1,1
5714,1,1
5715,1,1
5716,1,1
5717,1,1
5718,1,1
5719,1,1
5720,1,1
5721,0,0
5722,1,1
5723,0,0
5724,0,0
5725,1,1
5726,1,1
5727,1,1
5728,1,1
5729,1,1
5730,0,0
5731,1,1
5732,0,0
5733,0,0
5734,0,0
5735,0,0
5736,0,0
5737,0,0
5738,1,1
5739,0,0
5740,0,0
5741,1,1
5742,1,1
5743,0,1
5744,0,0
5745,0,0
5746,1,1
5747,0,0
5748,1,1
5749,1,1
5750,0,0
5751,1,1
5752,1,1
5753,0,0
5754,1,1
5755,1,1
5756,0,0
5757,0,0
5758,0,0
5759,1,1
5760,1,1
5761,1,1
5762,0,0
5763,1,1
5764,0,0
5765,1,1
5766,1,1
5767,1,1
5768,0,0
5769,1,1
5770,0,0
5771,1,1
5772,0,0
5773,0,0
5774,0,0
5775,0,0
5776,1,1
5777,1,1
5778,1,1
5779,0,0
5780,0,0
5781,1,1
5782,1,1
5783,0,0
5784,0,0
5785,1,1
5786,0,0
5787,1,1
5788,0,0
5789,0,0
5790,0,0
5791,0,0
5792,0,0
5793,1,1
5794,0,0
5795,0,0
5796,0,0
5797,0,0
5798,0,0
5799,0,0
5800,0,0
5801,1,1
5802,0,0
5803,0,0
5804,1,1
5805,1,1
5806,1,1
5807,0,0
5808,0,0
5809,0,0
5810,1,1
5811,0,0
5812,0,1
5813,1,1
5814,1,1
5815,0,0
5816,1,1
5817,0,0
5818,1,1
5819,1,1
5820,0,0
5821,0,0
5822,1,1
5823,0,0
5824,0,0
5825,1,1
5826,0,0
5827,0,0
5828,0,0
5829,1,1
5830,0,0
5831,0,0
5832,0,0
5833,0,0
5834,0,0
5835,0,0
5836,0,0
5837,0,0
5838,1,1
5839,1,1
5840,1,1
5841,0,0
5842,1,1
5843,1,1
5844,0,0
5845,1,1
5846,0,0
5847,1,1
5848,0,0
5849,1,1
5850,0,0
5851,1,1
5852,1,1
5853,0,0
5854,0,0
5855,0,0
5856,0,0
5857,1,1
5858,1,1
5859,1,1
5860,1,1
5861,0,0
5862,1,1
5863,0,0
5864,0,0
5865,0,0
5866,1,1
5867,0,0
5868,0,0
5869,1,1
5870,0,0
5871,0,0
5872,1,1
5873,0,0
5874,0,0
5875,0,0
5876,0,0
5877,0,0
5878,1,1
5879,0,0
5880,1,1
5881,0,0
5882,0,0
5883,1,1
5884,1,1
5885,1,1
5886,0,0
5887,1,1
5888,1,1
5889,1,1
5890,0,0
5891,1,1
5892,1,1
5893,1,1
5894,1,1
5895,0,0
5896,1,1
5897,1,1
5898,1,1
5899,0,0
5900,0,0
5901,0,0
5902,1,1
5903,0,0
5904,1,1
5905,0,0
5906,1,1
5907,1,1
5908,0,0
5909,1,1
5910,0,0
5911,0,0
5912,0,0
5913,1,1
5914,0,0
5915,1,1
5916,1,1
5917,0,0
5918,1,1
5919,1,1
5920,1,1
5921,1,1
5922,0,0
5923,1,1
5924,0,0
5925,0,0
5926,0,0
5927,1,1
5928,1,1
5929,0,0
5930,1,1
5931,1,1
5932,0,0
5933,1,1
5934,0,0
5935,1,1
5936,1,1
5937,0,0
5938,1,1
5939,0,0
5940,0,0
5941,1,1
5942,0,0
5943,0,0
5944,1,1
5945,0,0
5946,1,1
5947,0,0
5948,0,0
5949,1,1
5950,1,1
5951,0,0
5952,0,1
5953,1,1
5954,0,0
5955,1,1
5956,1,1
5957,1,1
5958,1,1
5959,0,0
5960,1,1
5961,0,0
5962,0,0
5963,1,1
5964,0,0
5965,0,0
5966,0,0
5967,0,0
5968,1,1
5969,1,1
5970,1,1
5971,0,0
5972,1,1
5973,1,1
5974,1,1
5975,0,0
5976,0,0
5977,0,0
5978,0,0
5979,0,0
5980,0,0
5981,1,1
5982,0,0
5983,0,0
5984,1,1
5985,1,1
5986,1,1
5987,0,0
5988,1,1
5989,0,0
5990,0,0
5991,0,0
5992,0,0
5993,0,0
5994,0,1
5995,0,0
5996,0,0
5997,1,1
5998,1,1
5999,0,0
6000,0,0
6001,1,1
6002,0,0
6003,0,0
6004,0,0
6005,0,0
6006,1,1
6007,1,1
6008,0,0
6009,1,1
6010,0,0
6011,0,0
6012,1,1
6013,0,0
6014,0,0
6015,0,0
6016,0,0
6017,1,1
6018,1,1
6019,1,1
6020,0,0
6021,1,1
6022,0,0
6023,0,0
6024,1,1
6025,0,0
6026,1,1
6027,0,0
6028,0,0
6029,1,1
6030,1,1
6031,1,1
6032,1,1
6033,0,0
6034,0,0
6035,0,0
6036,1,1
6037,1,1
6038,0,0
6039,0,0
6040,0,0
6041,1,1
6042,0,0
6043,0,0
6044,0,0
6045,1,1
6046,1,1
6047,1,1
6048,1,1
6049,0,0
6050,1,1
6051,0,0
6052,1,1
6053,0,0
6054,0,0
6055,0,0
6056,1,1
6057,1,1
6058,1,1
6059,0,0
6060,0,0
6061,0,0
6062,0,0
6063,1,1
6064,1,1
6065,0,0
6066,1,1
6067,1,1
6068,1,1
6069,1,1
6070,1,1
6071,1,1
6072,1,1
6073,0,0
6074,1,1
6075,1,1
6076,0,0
6077,1,1
6078,1,1
6079,0,0
6080,1,1
6081,1,1
6082,1,1
6083,1,1
6084,1,1
6085,0,0
6086,1,1
6087,1,1
6088,1,1
6089,0,0
6090,0,0
6091,1,0
6092,0,0
6093,0,0
6094,1,1
6095,1,1
6096,0,0
6097,0,0
6098,0,0
6099,1,1
6100,1,1
6101,1,1
6102,1,1
6103,0,1
6104,0,0
6105,1,1
6106,1,1
6107,1,1
6108,0,0
6109,1,1
6110,0,0
6111,1,1
6112,0,0
6113,1,1
6114,0,0
6115,1,1
6116,1,1
6117,1,1
6118,1,1
6119,1,1
6120,0,0
6121,0,0
6122,1,1
6123,1,1
6124,1,1
6125,0,0
6126,1,1
6127,1,1
6128,1,1
6129,0,0
6130,1,1
6131,1,1
6132,1,1
6133,0,0
6134,0,0
6135,0,0
6136,0,0
6137,1,1
6138,0,0
6139,0,0
6140,1,1
6141,0,0
6142,1,1
6143,0,0
6144,0,0
6145,1,1
6146,0,0
6147,0,0
6148,1,1
6149,0,0
6150,1,1
6151,1,1
6152,1,1
6153,0,0
6154,1,1
6155,0,0
6156,0,0
6157,1,1
6158,1,1
6159,1,1
6160,1,1
6161,0,0
6162,0,0
6163,0,0
6164,1,1
6165,1,1
6166,0,0
6167,0,0
6168,0,0
6169,0,0
6170,0,0
6171,1,1
6172,1,1
6173,1,1
6174,0,0
6175,0,0
6176,1,1
6177,0,0
6178,1,1
6179,0,0
6180,1,1
6181,0,0
6182,1,1
6183,1,1
6184,1,1
6185,1,1
6186,1,1
6187,0,0
6188,0,0
6189,0,0
6190,0,0
6191,1,0
6192,1,1
6193,0,0
6194,0,0
6195,0,0
6196,1,0
6197,1,1
6198,0,0
6199,1,1
6200,1,1
6201,0,0
6202,1,1
6203,1,1
6204,1,1
6205,0,0
6206,0,0
6207,0,0
6208,1,1
6209,1,1
6210,0,0
6211,1,1
6212,0,0
6213,1,1
6214,0,0
6215,1,1
6216,0,0
6217,0,0
6218,0,0
6219,1,1
6220,1,1
6221,1,1
6222,0,0
6223,1,1
6224,1,1
6225,1,1
6226,1,1
6227,0,0
6228,1,1
